symbol,timeframe,side,setup,status,signal_ts,signal_time_utc,age_bars,score,grade,last_price,ema200,atr14,trigger,stop,target_1r,target_2r,target_3r,structure_target,structure_target_r,risk_pct,quote_volume_24h,touch_count,cross_count,ema_slope_atr,distance_from_ema_atr,volume_ratio,trigger_ts,trigger_time_utc,invalidation_ts,invalidation_time_utc,current_r,no_chase,reasons,warnings,score_components,is_recent,state_change
ARBUSDT,4H,SHORT,EMA_ACCEPTANCE,CONFIRMED,1788120000000,2026-08-30T20:00+00:00,4,92.18727862694232,A,0.096,0.0857410173647876,0.0024432564199336135,0.083,0.0901,0.07590000000000001,0.06880000000000001,0.06170000000000002,0.0736,1.3239436619718328,8.554216867469872,9075860.49417,2,1,0.06821878348064131,-0.589793749452937,4.602994356000199,,,,,-1.8309859154929586,False,closed-candle acceptance confirmation; decisive body displacement through the EMA; second EMA test episode; volume expansion; 1D regime aligns,EMA slope opposes the setup,"{'valid_setup': 45.0, 'confirmation': 10.0, 'body_displacement': 8.0, 'body_quality': 5.31969309462915, 'ema_displacement': 3.686210934080856, 'ema_slope': -0.8186254017676957, 'touch_freshness': 5.0, 'cleanliness': 6.0, 'volume_impulse': 5.0, 'mtf_alignment': 5.0}",True,NEW
ADAUSDT,4H,SHORT,EMA_ACCEPTANCE,CONFIRMED,1788120000000,2026-08-30T20:00+00:00,4,87.56654216656543,A,0.1996,0.19494927445624166,0.004943729968699412,0.1893,0.20400000000000001,0.17459999999999998,0.15989999999999996,0.14519999999999994,0.1727,1.129251700680271,7.765451664025366,27011519.66048,1,1,0.1197746788590446,-0.4549751848265665,4.76424402187062,,,,,-0.7006802721088429,False,closed-candle acceptance confirmation; decisive body displacement through the EMA; first EMA test episode; volume expansion; 1D regime aligns,EMA slope opposes the setup; less than 1.25R to nearby structure,"{'valid_setup': 45.0, 'confirmation': 10.0, 'body_displacement': 8.0, 'body_quality': 5.160243407707916, 'ema_displacement': 2.8435949051660403, 'ema_slope': -1.4372961463085352, 'touch_freshness': 8.0, 'cleanliness': 6.0, 'volume_impulse': 5.0, 'liquidity': 2.0, 'structure_room': -8.0, 'mtf_alignment': 5.0}",True,NEW
XLMUSDT,4H,SHORT,EMA_ACCEPTANCE,CONFIRMED,1788120000000,2026-08-30T20:00+00:00,4,87.39147990007191,A,0.1789,0.17753294709828804,0.003659495374053289,0.1723,0.1812,0.16340000000000002,0.15450000000000003,0.14560000000000003,0.1571,1.7078651685393296,5.1654091700522295,14337439.3622,2,3,0.03972285484525816,-0.8014621685501622,3.5608477970716157,,,,,-0.7415730337078653,False,closed-candle acceptance confirmation; decisive body displacement through the EMA; second EMA test episode; volume expansion; 1D regime aligns,EMA slope opposes the setup,"{'valid_setup': 45.0, 'confirmation': 10.0, 'body_displacement': 8.0, 'body_quality': 4.868154158215008, 'ema_displacement': 5.0, 'ema_slope': -0.4766742581430979, 'touch_freshness': 5.0, 'volume_impulse': 5.0, 'mtf_alignment': 5.0}",True,NEW
TRXUSDT,4H,SHORT,EMA_ACCEPTANCE,CONFIRMED,1788163200000,2026-08-31T08:00+00:00,1,78.5631130863654,B,0.3337,0.33500801234922056,0.0017708308165328389,0.3317,0.3371,0.3263,0.32089999999999996,0.31549999999999995,,,1.6279770877298811,42260368.77524,3,1,0.21523465849717946,-0.3433486381330505,2.2006593389474656,,,,,-0.37037037037036963,False,closed-candle acceptance confirmation; decisive body displacement through the EMA; volume expansion,EMA slope opposes the setup; 1D regime conflicts,"{'valid_setup': 45.0, 'confirmation': 10.0, 'body_displacement': 8.0, 'body_quality': 6.0, 'ema_displacement': 2.1459289883315655, 'ema_slope': -2.5828159019661534, 'touch_freshness': 2.0, 'cleanliness': 6.0, 'volume_impulse': 5.0, 'liquidity': 2.0, 'mtf_alignment': -5.0}",True,NEW
SUIUSDT,4H,SHORT,EMA_ACCEPTANCE,CONFIRMED,1788120000000,2026-08-30T20:00+00:00,4,77.78940062778882,B,0.7302,0.7331451693347989,0.020754039144023895,0.6968000000000001,0.7579,0.6357000000000002,0.5746000000000002,0.5135000000000003,0.647,0.8150572831423916,8.7686567164179,61336770.12212,4,1,0.03747170949243644,-1.062211031877466,3.5251326226060886,,,,,-0.5466448445171835,False,closed-candle acceptance confirmation; decisive body displacement through the EMA; volume expansion; 1D regime aligns,EMA slope opposes the setup; EMA is heavily tested; less than 1.25R to nearby structure,"{'valid_setup': 45.0, 'confirmation': 10.0, 'body_displacement': 8.0, 'body_quality': 5.2390611416980555, 'ema_displacement': 5.0, 'ema_slope': -0.4496605139092372, 'touch_freshness': -5.0, 'cleanliness': 6.0, 'volume_impulse': 5.0, 'liquidity': 2.0, 'structure_room': -8.0, 'mtf_alignment': 5.0}",True,NEW
DOTUSDT,4H,SHORT,EMA_ACCEPTANCE,CONFIRMED,1788120000000,2026-08-30T20:00+00:00,4,75.60368124624918,B,0.839,0.8345650176653876,0.019896457251021824,0.807,0.865,0.7490000000000001,0.6910000000000002,0.6330000000000002,0.754,0.9137931034482776,7.1871127633209335,5200772.20152,5,1,0.04831811823446489,-0.7823009628806291,4.315652460668444,,,,,-0.5517241379310336,False,closed-candle acceptance confirmation; decisive body displacement through the EMA; volume expansion; 1D regime aligns,EMA slope opposes the setup; EMA is heavily tested; less than 1.25R to nearby structure,"{'valid_setup': 45.0, 'confirmation': 10.0, 'body_displacement': 8.0, 'body_quality': 5.294117647058834, 'ema_displacement': 4.889381018003932, 'ema_slope': -0.5798174188135787, 'touch_freshness': -5.0, 'cleanliness': 6.0, 'volume_impulse': 5.0, 'structure_room': -8.0, 'mtf_alignment': 5.0}",True,NEW
POLUSDT,4H,SHORT,EMA_ACCEPTANCE,CONFIRMED,1788163200000,2026-08-31T08:00+00:00,1,74.1732758523965,B,0.09085,0.09083155939296504,0.0036739444251880937,0.08633,0.09533000000000001,0.07733,0.06832999999999999,0.05932999999999998,0.08045,0.6533333333333339,10.425112938723512,16079802.186097,1,1,0.2502613305103972,-0.37604253986348984,3.1078699430458148,,,,,-0.5022222222222213,False,closed-candle acceptance confirmation; decisive body displacement through the EMA; first EMA test episode; volume expansion,EMA slope opposes the setup; less than 1.25R to nearby structure; 1D regime conflicts,"{'valid_setup': 45.0, 'confirmation': 10.0, 'body_displacement': 8.0, 'body_quality': 5.82614594437445, 'ema_displacement': 2.350265874146811, 'ema_slope': -3.0031359661247663, 'touch_freshness': 8.0, 'cleanliness': 6.0, 'volume_impulse': 5.0, 'structure_room': -8.0, 'mtf_alignment': -5.0}",True,NEW
ONDOUSDT,1D,SHORT,EMA_ACCEPTANCE,CONFIRMED,1787875200000,2026-08-28T00:00+00:00,2,68.52389069787853,B,0.3484,0.3717060102458056,0.027523509004844918,0.3382,0.387,0.2894,0.24059999999999998,0.19179999999999997,0.323,0.3114754098360653,14.42933175635719,8897155.73471,2,6,-0.0063739449556029825,-0.5561067901302588,1.6543948657864913,,,,,-0.20901639344262263,False,closed-candle acceptance confirmation; decisive body displacement through the EMA; second EMA test episode; volume expansion; 4H regime aligns,repeated EMA chop; less than 1.25R to nearby structure,"{'valid_setup': 45.0, 'confirmation': 10.0, 'body_displacement': 5.013895574714259, 'body_quality': 3.970588235294117, 'ema_displacement': 3.475667438314117, 'ema_slope': 0.06373944955602982, 'touch_freshness': 5.0, 'cleanliness': -6.0, 'volume_impulse': 5.0, 'structure_room': -8.0, 'mtf_alignment': 5.0}",False,NEW
BMTUSDT,1D,LONG,EMA_ACCEPTANCE,CONFIRMED,1787616000000,2026-08-25T00:00+00:00,5,67.50547686632136,C,0.02034,0.017573781974699894,0.0037771192711139054,0.030310000000000004,0.014810000000000002,0.045810000000000003,0.06131,0.07681000000000002,0.04361,0.8580645161290321,51.13823820521281,106076522.304656,5,4,-0.01859270347852459,1.47366752960877,5.215590154637055,,,,,-0.6432258064516131,False,closed-candle acceptance confirmation; decisive body displacement through the EMA; volume expansion; 4H regime aligns,EMA slope opposes the setup; EMA is heavily tested; repeated EMA chop; less than 1.25R to nearby structure,"{'valid_setup': 45.0, 'confirmation': 10.0, 'body_displacement': 8.0, 'body_quality': 5.728589308063652, 'ema_displacement': 5.0, 'ema_slope': -0.22311244174229508, 'touch_freshness': -5.0, 'cleanliness': -6.0, 'volume_impulse': 5.0, 'liquidity': 3.0, 'structure_room': -8.0, 'mtf_alignment': 5.0}",False,FORMING→CONFIRMED
ADAUSDT,4H,LONG,EMA_ACCEPTANCE,CONFIRMED,1788148800000,2026-08-31T04:00+00:00,2,66.59038047485144,C,0.1996,0.1949523580540488,0.004780052881174494,0.1985,0.1925,0.20450000000000002,0.21050000000000002,0.21650000000000003,0.2029,0.7333333333333305,3.0226700251889196,27011519.66048,1,2,0.1001004241102728,0.24008980119675982,1.392930383821248,,,,,0.1833333333333315,False,closed-candle acceptance confirmation; decisive body displacement through the EMA; first EMA test episode,less than 1.25R to nearby structure; 1D regime conflicts,"{'valid_setup': 45.0, 'confirmation': 10.0, 'body_displacement': 2.649900949119683, 'body_quality': 3.438914027149281, 'ema_displacement': 1.5005612574797489, 'ema_slope': 1.001004241102728, 'touch_freshness': 8.0, 'cleanliness': 3.0, 'volume_impulse': 3.0, 'liquidity': 2.0, 'structure_room': -8.0, 'mtf_alignment': -5.0}",True,NEW
INJUSDT,4H,LONG,EMA_REJECTION,WATCH,1788148800000,2026-08-31T04:00+00:00,2,86.86801666388598,A,4.982,4.9148876431117925,0.15513354485881095,5.061,4.898,5.224,5.3870000000000005,5.550000000000001,5.34,1.7116564417177882,3.220707370084969,6393586.99145,1,0,0.14613545356665256,0.6582222882945248,1.0536853631432366,,,,,-0.4846625766871142,False,valid closed-candle rejection awaiting trigger; EMA sweep/touch closed back on the defended side; EMA slope supports direction; first EMA test episode; 1D regime aligns,,"{'valid_setup': 45.0, 'confirmation': 8.0, 'close_quality': 5.870841487279984, 'rejection_wick': 5.6468797564687945, 'range': 1.8889408844706717, 'ema_slope': 1.4613545356665254, 'touch_freshness': 8.0, 'cleanliness': 6.0, 'mtf_alignment': 5.0}",True,NEW
ARBUSDT,4H,LONG,EMA_REJECTION,WATCH,1788177600000,2026-08-31T12:00+00:00,0,72.35668148643155,B,0.096,0.08576419555491903,0.0023667598555217597,0.0879,0.0848,0.09100000000000001,0.09410000000000002,0.09720000000000002,0.0889,0.32258064516129004,3.526734926052338,9075860.49417,2,2,0.04743603999200427,0.7334096194978353,1.8566981224387153,,,,,2.6129032258064457,False,valid closed-candle rejection awaiting trigger; EMA sweep/touch closed back on the defended side; second EMA test episode; volume expansion,less than 1.25R to nearby structure; 1D regime conflicts,"{'valid_setup': 45.0, 'confirmation': 8.0, 'close_quality': 10.0, 'rejection_wick': 5.900383141762398, 'range': 2.9819379447491117, 'ema_slope': 0.4743603999200427, 'touch_freshness': 5.0, 'cleanliness': 3.0, 'volume_impulse': 5.0, 'structure_room': -8.0, 'mtf_alignment': -5.0}",True,NEW
ONDOUSDT,4H,SHORT,EMA_REJECTION,WATCH,1788120000000,2026-08-30T20:00+00:00,4,69.22484964978844,B,0.3484,0.3587966227037296,0.008921927199574695,0.3382,0.3598,0.3166,0.295,0.2734,0.3277,0.4861111111111114,6.386753400354822,8897155.73471,4,1,-0.06552180235530725,-1.6472475480891786,2.0300382437289475,,,,,-0.47222222222222143,False,valid closed-candle rejection awaiting trigger; EMA sweep/touch closed back on the defended side; volume expansion; 1D regime aligns,EMA is heavily tested; less than 1.25R to nearby structure,"{'valid_setup': 45.0, 'confirmation': 8.0, 'close_quality': 6.469002695417751, 'rejection_wick': 1.1006289308176112, 'range': 5.0, 'ema_slope': 0.6552180235530725, 'touch_freshness': -5.0, 'cleanliness': 6.0, 'volume_impulse': 5.0, 'structure_room': -8.0, 'mtf_alignment': 5.0}",True,NEW
DOTUSDT,4H,SHORT,EMA_REJECTION,WATCH,1788177600000,2026-08-31T12:00+00:00,0,68.12511865820254,B,0.839,0.8342390211455806,0.01848872125016749,0.8190000000000001,0.838,0.8000000000000002,0.7810000000000002,0.7620000000000003,0.808,0.578947368421056,2.319902319902308,5200772.20152,5,1,0.014911630679688762,-0.5537982322865007,1.2749204818537414,,,,,-1.0526315789473688,False,valid closed-candle rejection awaiting trigger; EMA sweep/touch closed back on the defended side; 1D regime aligns,EMA slope opposes the setup; EMA is heavily tested; less than 1.25R to nearby structure,"{'valid_setup': 45.0, 'confirmation': 8.0, 'close_quality': 6.122448979591838, 'rejection_wick': 7.0, 'range': 1.1816092467669645, 'ema_slope': -0.17893956815626516, 'touch_freshness': -5.0, 'cleanliness': 6.0, 'volume_impulse': 3.0, 'structure_room': -8.0, 'mtf_alignment': 5.0}",True,NEW
ZENUSDT,1D,SHORT,EMA_REJECTION,WATCH,1788048000000,2026-08-30T00:00+00:00,0,66.20412828372181,C,5.813,5.44247619040959,0.4139620952203087,5.0280000000000005,5.672,4.384000000000001,3.740000000000002,3.0960000000000027,4.815,0.3307453416149073,12.808273667462194,8630173.5996,3,2,-0.043064000877889926,-0.469792265173677,1.909142485050923,,,,,-1.2189440993788823,False,valid closed-candle rejection awaiting trigger; EMA sweep/touch closed back on the defended side; volume expansion,less than 1.25R to nearby structure; 4H regime conflicts,"{'valid_setup': 45.0, 'confirmation': 8.0, 'close_quality': 4.539385847797054, 'rejection_wick': 7.0, 'range': 4.234102427145868, 'ema_slope': 0.43064000877889924, 'touch_freshness': 2.0, 'cleanliness': 3.0, 'volume_impulse': 5.0, 'structure_room': -8.0, 'mtf_alignment': -5.0}",True,NEW
TRUMPUSDT,1D,SHORT,EMA_REJECTION,WATCH,1788048000000,2026-08-30T00:00+00:00,0,59.42791556038259,C,2.445,2.5801704817105393,0.3291742303442647,2.2800000000000002,2.721,1.8390000000000004,1.3980000000000006,0.9570000000000007,2.11,0.3854875283446722,19.342105263157887,34252666.521657,2,4,-0.05410684198888976,-0.7235392681299815,1.3102670972916017,,,,,-0.3741496598639448,False,valid closed-candle rejection awaiting trigger; EMA sweep/touch closed back on the defended side; second EMA test episode,repeated EMA chop; less than 1.25R to nearby structure; 4H regime conflicts,"{'valid_setup': 45.0, 'confirmation': 8.0, 'close_quality': 10.0, 'rejection_wick': 1.4882308276385816, 'range': 3.3986163128551055, 'ema_slope': 0.5410684198888975, 'touch_freshness': 5.0, 'cleanliness': -6.0, 'volume_impulse': 3.0, 'liquidity': 2.0, 'structure_room': -8.0, 'mtf_alignment': -5.0}",True,NEW
FETUSDT,4H,LONG,FAILED_ACCEPTANCE,WATCH,1788148800000,2026-08-31T04:00+00:00,2,41.04473570494452,D,0.152,0.14943196021652896,0.005153899643403838,0.15380000000000002,0.1456,0.16200000000000003,0.17020000000000005,0.17840000000000006,0.1608,0.8536585365853618,5.331599479843961,9287621.64201,3,4,0.04091195138982597,0.30424336753973663,0.8505212167431204,,,,,-0.21951219512195377,False,valid closed-candle rejection awaiting trigger; decisive body displacement through the EMA,repeated EMA chop; less than 1.25R to nearby structure; 1D regime conflicts,"{'valid_setup': 45.0, 'confirmation': 8.0, 'body_displacement': 1.2935189134307132, 'body_quality': 1.4405762304921936, 'ema_displacement': 1.9015210471233537, 'ema_slope': 0.4091195138982597, 'touch_freshness': 2.0, 'cleanliness': -6.0, 'structure_room': -8.0, 'mtf_alignment': -5.0}",True,NEW
HEMIUSDT,1D,LONG,EMA_ACCEPTANCE,FORMING,1788048000000,2026-08-30T00:00+00:00,0,82.80320195432817,A,0.01737,0.012426933331799042,0.002106587375673238,0.01489,0.010390000000000002,0.019389999999999998,0.023889999999999998,0.02839,,,30.221625251846866,32612885.54575,2,1,-0.12738226318532986,0.6328086285881812,1.1619233855768114,,,,,0.5511111111111111,False,decisive body displacement through the EMA; second EMA test episode; 4H regime aligns,acceptance still needs a hold or retest; EMA slope opposes the setup,"{'valid_setup': 45.0, 'confirmation': 3.0, 'body_displacement': 7.595222578833981, 'body_quality': 3.781512605042015, 'ema_displacement': 3.955053928676132, 'ema_slope': -1.5285871582239583, 'touch_freshness': 5.0, 'cleanliness': 6.0, 'volume_impulse': 3.0, 'liquidity': 2.0, 'mtf_alignment': 5.0}",True,NEW
TRUMPUSDT,1D,SHORT,EMA_ACCEPTANCE,FORMING,1788048000000,2026-08-30T00:00+00:00,0,56.270748860482975,C,2.445,2.5801704817105393,0.3291742303442647,2.2800000000000002,2.721,1.8390000000000004,1.3980000000000006,0.9570000000000007,2.11,0.3854875283446722,19.342105263157887,34252666.521657,2,4,-0.05410684198888976,-0.7235392681299815,1.3102670972916017,,,,,-0.3741496598639448,False,decisive body displacement through the EMA; second EMA test episode,acceptance still needs a hold or retest; repeated EMA chop; less than 1.25R to nearby structure; 4H regime conflicts,"{'valid_setup': 45.0, 'confirmation': 3.0, 'body_displacement': 6.804906926211418, 'body_quality': 5.402653088570277, 'ema_displacement': 4.522120425812385, 'ema_slope': 0.5410684198888975, 'touch_freshness': 5.0, 'cleanliness': -6.0, 'volume_impulse': 3.0, 'liquidity': 2.0, 'structure_room': -8.0, 'mtf_alignment': -5.0}",True,NEW
PEPEUSDT,1D,SHORT,EMA_ACCEPTANCE,FORMING,1788048000000,2026-08-30T00:00+00:00,0,54.848278286977745,D,3.6e-06,3.6025956012890196e-06,3.020637080558851e-07,3.35e-06,3.83e-06,2.8700000000000005e-06,2.390000000000001e-06,1.910000000000001e-06,2.77e-06,1.2083333333333341,14.328358208955214,36358194.16646404,3,2,0.08930840240817316,-0.6707048741238953,0.9953770614769578,,,,,-0.5208333333333331,False,decisive body displacement through the EMA,acceptance still needs a hold or retest; EMA slope opposes the setup; less than 1.25R to nearby structure; 4H regime conflicts,"{'valid_setup': 45.0, 'confirmation': 3.0, 'body_displacement': 5.738303831629611, 'body_quality': 3.989769820971869, 'ema_displacement': 4.191905463274345, 'ema_slope': -1.0717008288980778, 'touch_freshness': 2.0, 'cleanliness': 3.0, 'liquidity': 2.0, 'structure_room': -8.0, 'mtf_alignment': -5.0}",True,NEW
DASHUSDT,1D,LONG,EMA_REJECTION,TRIGGERED,1787702400000,2026-08-26T00:00+00:00,4,92.59807444124915,A,47.17,36.577615276151384,2.866235086128973,39.550000000000004,36.28,42.82000000000001,46.09000000000001,49.360000000000014,47.55,2.44648318042813,8.268015170670045,23227684.10694,2,1,0.0036527517368840044,0.9358564958017243,2.7793343323062416,1787788800000.0,2026-08-27T00:00+00:00,,,2.3302752293577953,True,EMA sweep/touch closed back on the defended side; second EMA test episode; volume expansion; 4H regime aligns,DO NOT CHASE: price is already at least 0.75R beyond trigger,"{'valid_setup': 45.0, 'confirmation': 4.0, 'close_quality': 10.0, 'rejection_wick': 5.803418803418793, 'range': 1.758128120461516, 'ema_slope': 0.036527517368840044, 'touch_freshness': 5.0, 'cleanliness': 6.0, 'volume_impulse': 5.0, 'liquidity': 2.0, 'structure_room': 3.0, 'mtf_alignment': 5.0}",False,NEW
INJUSDT,4H,LONG,EMA_REJECTION,TRIGGERED,1788134400000,2026-08-31T00:00+00:00,3,91.69880760973092,A,4.982,4.913861388268694,0.15583612523256563,5.007,4.875,5.138999999999999,5.270999999999999,5.402999999999999,5.34,2.5227272727272805,2.6363091671659613,6393586.99145,1,0,0.15067924597223636,0.3409903297582808,3.906088256499568,1788148800000.0,2026-08-31T04:00+00:00,,,-0.18939393939393584,False,EMA sweep/touch closed back on the defended side; EMA slope supports direction; first EMA test episode; volume expansion; 1D regime aligns,,"{'valid_setup': 45.0, 'confirmation': 4.0, 'close_quality': 5.714285714285578, 'rejection_wick': 7.0, 'range': 1.4777294357229773, 'ema_slope': 1.5067924597223636, 'touch_freshness': 8.0, 'cleanliness': 6.0, 'volume_impulse': 5.0, 'structure_room': 3.0, 'mtf_alignment': 5.0}",True,NEW
BTCUSDT,1D,LONG,EMA_ACCEPTANCE,TRIGGERED,1787184000000,2026-08-20T00:00+00:00,10,90.8879201040003,A,79042.01,71685.98185642177,1789.6124296422227,79500.01,68902.21,90097.80999999998,100695.60999999997,111293.40999999996,,,13.330564360935288,1294191754.4317336,1,1,-0.3817193222820134,0.748300649569107,3.32084535509031,1787529600000.0,2026-08-24T00:00+00:00,,,-0.043216516635528175,False,decisive body displacement through the EMA; first EMA test episode; volume expansion; 4H regime aligns,EMA slope opposes the setup,"{'valid_setup': 45.0, 'confirmation': 4.0, 'body_displacement': 8.0, 'body_quality': 5.791672911577549, 'ema_displacement': 4.676879059806919, 'ema_slope': -4.58063186738416, 'touch_freshness': 8.0, 'cleanliness': 6.0, 'volume_impulse': 5.0, 'liquidity': 4.0, 'mtf_alignment': 5.0}",False,
ETHUSDT,1D,LONG,EMA_ACCEPTANCE,TRIGGERED,1787097600000,2026-08-19T00:00+00:00,11,90.70387690913387,A,2479.0,2149.298247428673,73.48160212568857,2546.79,1905.99,3187.59,3828.39,4469.19,,,25.161085130693934,837824183.997218,1,1,-0.31873611227744125,1.4085396830935943,5.161081131390926,1787788800000.0,2026-08-27T00:00+00:00,,,-0.10578963795255925,False,decisive body displacement through the EMA; first EMA test episode; volume expansion; 4H regime aligns,EMA slope opposes the setup,"{'valid_setup': 45.0, 'confirmation': 4.0, 'body_displacement': 8.0, 'body_quality': 5.528710256463164, 'ema_displacement': 5.0, 'ema_slope': -3.824833347329295, 'touch_freshness': 8.0, 'cleanliness': 6.0, 'volume_impulse': 5.0, 'liquidity': 3.0, 'mtf_alignment': 5.0}",False,EXPIRED→TRIGGERED
SOLUSDT,1D,LONG,EMA_ACCEPTANCE,TRIGGERED,1787270400000,2026-08-21T00:00+00:00,9,90.65256464887551,A,104.43,90.02676650698581,3.112652944141595,102.75,87.56,117.94,133.13,148.32,,,14.78345498783455,270696891.30689,1,1,-0.3434976317258878,1.1865227377711098,5.602746058264344,1787616000000.0,2026-08-25T00:00+00:00,,,0.11059907834101429,False,decisive body displacement through the EMA; first EMA test episode; volume expansion; 4H regime aligns,EMA slope opposes the setup,"{'valid_setup': 45.0, 'confirmation': 4.0, 'body_displacement': 8.0, 'body_quality': 5.774536229586166, 'ema_displacement': 5.0, 'ema_slope': -4.121971580710654, 'touch_freshness': 8.0, 'cleanliness': 6.0, 'volume_impulse': 5.0, 'liquidity': 3.0, 'mtf_alignment': 5.0}",False,
CAKEUSDT,1D,LONG,EMA_ACCEPTANCE,TRIGGERED,1787097600000,2026-08-19T00:00+00:00,11,89.34308900851279,A,1.867,1.5381165385248676,0.04802293904332647,1.822,1.512,2.132,2.442,2.7520000000000002,,,17.01427003293085,6587955.87102,1,1,-0.14493866105530664,1.7259139720781065,3.9849123339243726,1787356800000.0,2026-08-22T00:00+00:00,,,0.14516129032258038,False,decisive body displacement through the EMA; first EMA test episode; volume expansion; 4H regime aligns,EMA slope opposes the setup,"{'valid_setup': 45.0, 'confirmation': 4.0, 'body_displacement': 8.0, 'body_quality': 5.082352941176476, 'ema_displacement': 5.0, 'ema_slope': -1.7392639326636798, 'touch_freshness': 8.0, 'cleanliness': 6.0, 'volume_impulse': 5.0, 'mtf_alignment': 5.0}",False,NEW
ENAUSDT,1D,LONG,EMA_ACCEPTANCE,TRIGGERED,1787270400000,2026-08-21T00:00+00:00,9,87.7577093426791,A,0.1512,0.1292283227754927,0.00911653006654709,0.1836,0.1159,0.2513,0.31900000000000006,0.38670000000000004,,,36.873638344226585,29849282.732753,1,1,-0.3999377235531128,1.4119053116206615,16.99094463155547,1787875200000.0,2026-08-28T00:00+00:00,,,-0.47858197932053187,False,decisive body displacement through the EMA; first EMA test episode; volume expansion; 4H regime aligns,EMA slope opposes the setup,"{'valid_setup': 45.0, 'confirmation': 4.0, 'body_displacement': 8.0, 'body_quality': 4.556962025316458, 'ema_displacement': 5.0, 'ema_slope': -4.799252682637354, 'touch_freshness': 8.0, 'cleanliness': 6.0, 'volume_impulse': 5.0, 'liquidity': 2.0, 'mtf_alignment': 5.0}",False,CONFIRMED→TRIGGERED
WBTCUSDT,1D,LONG,EMA_ACCEPTANCE,TRIGGERED,1787184000000,2026-08-20T00:00+00:00,10,87.39378062062293,A,78953.0,71606.32359123927,1778.3043454474573,79460.32,68922.31,89998.33000000002,100536.34000000003,111074.35000000003,,,13.261977802254016,6131298.3215439,1,1,-0.3786383440539528,0.8269711607720829,2.9690956075046278,1787529600000.0,2026-08-24T00:00+00:00,,,-0.04814191673760098,False,decisive body displacement through the EMA; first EMA test episode; volume expansion; 4H regime aligns,EMA slope opposes the setup,"{'valid_setup': 45.0, 'confirmation': 4.0, 'body_displacement': 8.0, 'body_quality': 5.937440749270362, 'ema_displacement': 5.0, 'ema_slope': -4.543660128647433, 'touch_freshness': 8.0, 'cleanliness': 6.0, 'volume_impulse': 5.0, 'mtf_alignment': 5.0}",False,NEW
PENGUUSDT,1D,LONG,EMA_ACCEPTANCE,TRIGGERED,1787270400000,2026-08-21T00:00+00:00,9,87.21744127153372,A,0.008772,0.008351551274613843,0.00048010123896508657,0.00946,0.007114,0.011806,0.014152,0.016498,,,24.799154334038057,10007535.728633,1,1,-0.39854656070552386,1.1798526631741326,6.65584025195018,1787443200000.0,2026-08-23T00:00+00:00,,,-0.2932651321398122,False,decisive body displacement through the EMA; first EMA test episode; volume expansion; 4H regime aligns,EMA slope opposes the setup,"{'valid_setup': 45.0, 'confirmation': 4.0, 'body_displacement': 8.0, 'body_quality': 6.0, 'ema_displacement': 5.0, 'ema_slope': -4.782558728466286, 'touch_freshness': 8.0, 'cleanliness': 6.0, 'volume_impulse': 5.0, 'mtf_alignment': 5.0}",False,NEW
PENGUUSDT,1D,LONG,EMA_REJECTION,TRIGGERED,1787443200000,2026-08-23T00:00+00:00,7,86.9744929312418,A,0.008772,0.008367445558921384,0.0007097913744137737,0.010350999999999999,0.008033,0.012668999999999998,0.014986999999999997,0.017304999999999994,,,22.393971596947146,10007535.728633,1,1,-0.18287190409274556,2.1549352333872682,8.5868745349768,1787616000000.0,2026-08-25T00:00+00:00,,,-0.6811906816220878,False,EMA sweep/touch closed back on the defended side; first EMA test episode; volume expansion; 4H regime aligns,EMA slope opposes the setup,"{'valid_setup': 45.0, 'confirmation': 4.0, 'close_quality': 8.69726128793486, 'rejection_wick': 2.4716944924198825, 'range': 5.0, 'ema_slope': -2.1944628491129468, 'touch_freshness': 8.0, 'cleanliness': 6.0, 'volume_impulse': 5.0, 'mtf_alignment': 5.0}",False,NEW
BNBUSDT,1D,LONG,EMA_ACCEPTANCE,TRIGGERED,1787184000000,2026-08-20T00:00+00:00,10,86.90432164424202,A,693.38,650.9385174962168,14.637411241496658,692.01,622.27,761.75,831.49,901.23,,,10.077889047846131,74395310.72017,1,1,-0.25770788330524824,0.2638091148820036,3.3039135309283134,1787356800000.0,2026-08-22T00:00+00:00,,,0.019644393461428225,False,decisive body displacement through the EMA; first EMA test episode; volume expansion; 4H regime aligns,EMA slope opposes the setup,"{'valid_setup': 45.0, 'confirmation': 4.0, 'body_displacement': 8.0, 'body_quality': 5.3480092758924735, 'ema_displacement': 1.6488069680125221, 'ema_slope': -3.092494599662979, 'touch_freshness': 8.0, 'cleanliness': 6.0, 'volume_impulse': 5.0, 'liquidity': 2.0, 'mtf_alignment': 5.0}",False,NEW
NEARUSDT,1D,LONG,EMA_REJECTION,TRIGGERED,1787443200000,2026-08-23T00:00+00:00,7,86.43621158466716,A,1.873,1.7860050195841184,0.12611554984516093,2.041,1.772,2.3099999999999996,2.5789999999999997,2.848,2.11,0.2565055762081783,13.17981381675649,32495744.9921,1,1,-0.0312887081829469,1.8236845551421632,3.6674099929306205,1787529600000.0,2026-08-24T00:00+00:00,,,-0.62453531598513,False,EMA sweep/touch closed back on the defended side; first EMA test episode; volume expansion; 4H regime aligns,EMA slope opposes the setup; less than 1.25R to nearby structure,"{'valid_setup': 45.0, 'confirmation': 4.0, 'close_quality': 10.0, 'rejection_wick': 4.811676082862521, 'range': 5.0, 'ema_slope': -0.37546449819536276, 'touch_freshness': 8.0, 'cleanliness': 6.0, 'volume_impulse': 5.0, 'liquidity': 2.0, 'structure_room': -8.0, 'mtf_alignment': 5.0}",False,
LINKUSDT,1D,LONG,EMA_ACCEPTANCE,TRIGGERED,1787097600000,2026-08-19T00:00+00:00,11,85.77242673438684,A,11.443,9.63920878467904,0.38780353459235317,12.401,9.486,15.315999999999999,18.230999999999998,21.145999999999997,,,23.506168857350207,29520080.49293,3,1,-0.1118400231985577,2.366639634385266,4.9110757392540485,1787356800000.0,2026-08-22T00:00+00:00,,,-0.3286449399656948,False,decisive body displacement through the EMA; volume expansion; 4H regime aligns,EMA slope opposes the setup,"{'valid_setup': 45.0, 'confirmation': 4.0, 'body_displacement': 8.0, 'body_quality': 5.1145070127695265, 'ema_displacement': 5.0, 'ema_slope': -1.3420802783826924, 'touch_freshness': 2.0, 'cleanliness': 6.0, 'volume_impulse': 5.0, 'liquidity': 2.0, 'mtf_alignment': 5.0}",False,
NEARUSDT,4H,LONG,EMA_REJECTION,TRIGGERED,1787990400000,2026-08-29T08:00+00:00,13,85.40577160235317,A,1.873,1.7882674367746136,0.050795744592017064,1.805,1.778,1.8319999999999999,1.8589999999999998,1.8859999999999997,1.908,3.8148148148148264,1.4958448753462554,32495744.9921,1,0,0.11007328746774499,0.15222856338642257,0.5678954569584574,1788004800000.0,2026-08-29T12:00+00:00,,,2.518518518518529,True,EMA sweep/touch closed back on the defended side; first EMA test episode; 1D regime aligns,weak signal-candle volume; DO NOT CHASE: price is already at least 0.75R beyond trigger,"{'valid_setup': 45.0, 'confirmation': 4.0, 'close_quality': 5.142857142857182, 'rejection_wick': 7.0, 'range': 0.1621815848185373, 'ema_slope': 1.1007328746774498, 'touch_freshness': 8.0, 'cleanliness': 6.0, 'volume_impulse': -3.0, 'liquidity': 2.0, 'structure_room': 5.0, 'mtf_alignment': 5.0}",False,NEW
LTCUSDT,1D,SHORT,EMA_REJECTION,TRIGGERED,1787529600000,2026-08-24T00:00+00:00,6,83.98650810417547,A,48.83,53.886804772831475,1.9788277339897054,51.24,54.2,48.28,45.32,42.36,45.75,1.8547297297297298,5.77673692427791,13075478.35959,2,0,-0.300293842940806,-1.1253151219696131,4.011243398243533,1787616000000.0,2026-08-25T00:00+00:00,,,0.8141891891891903,True,EMA sweep/touch closed back on the defended side; EMA slope supports direction; second EMA test episode; volume expansion,DO NOT CHASE: price is already at least 0.75R beyond trigger; 4H regime conflicts,"{'valid_setup': 45.0, 'confirmation': 4.0, 'close_quality': 10.0, 'rejection_wick': 7.0, 'range': 3.9835696747674176, 'ema_slope': 3.00293842940806, 'touch_freshness': 5.0, 'cleanliness': 6.0, 'volume_impulse': 5.0, 'mtf_alignment': -5.0}",False,
TAOUSDT,1D,LONG,EMA_ACCEPTANCE,TRIGGERED,1787443200000,2026-08-23T00:00+00:00,7,83.43876333063966,A,229.4,234.07396525840159,13.374565883873233,246.0,214.5,277.5,309.0,340.5,291.6,1.4476190476190482,12.804878048780488,18521426.54079,1,1,-0.19438295125361574,0.2711142008706689,3.6256533433897755,1787616000000.0,2026-08-25T00:00+00:00,,,-0.5269841269841268,False,decisive body displacement through the EMA; first EMA test episode; volume expansion; 4H regime aligns,EMA slope opposes the setup,"{'valid_setup': 45.0, 'confirmation': 4.0, 'body_displacement': 7.626415757014537, 'body_quality': 3.450479233226832, 'ema_displacement': 1.6944637554416806, 'ema_slope': -2.332595415043389, 'touch_freshness': 8.0, 'cleanliness': 6.0, 'volume_impulse': 5.0, 'mtf_alignment': 5.0}",False,
UNIUSDT,1D,LONG,EMA_ACCEPTANCE,TRIGGERED,1787270400000,2026-08-21T00:00+00:00,9,83.0300866460708,A,5.216,3.8273046662786694,0.24815177790436924,4.448,3.742,5.154000000000001,5.860000000000001,6.566000000000002,,,15.872302158273389,47649726.52426,3,2,-0.14169838296086978,1.239948133032952,2.485605905537224,1787443200000.0,2026-08-23T00:00+00:00,,,1.0878186968838517,True,decisive body displacement through the EMA; volume expansion; 4H regime aligns,EMA slope opposes the setup; DO NOT CHASE: price is already at least 0.75R beyond trigger,"{'valid_setup': 45.0, 'confirmation': 4.0, 'body_displacement': 8.0, 'body_quality': 5.730467241601232, 'ema_displacement': 5.0, 'ema_slope': -1.7003805955304374, 'touch_freshness': 2.0, 'cleanliness': 3.0, 'volume_impulse': 5.0, 'liquidity': 2.0, 'mtf_alignment': 5.0}",False,GRADE B→A
APTUSDT,4H,SHORT,EMA_REJECTION,TRIGGERED,1787817600000,2026-08-27T08:00+00:00,25,81.60971422350126,A,0.519,0.5844405493352215,0.018306169897507468,0.5660000000000001,0.589,0.5430000000000001,0.5200000000000002,0.49700000000000033,0.556,0.43478260869565427,4.063604240282669,5644648.10449,2,1,-0.10848144344171107,-0.734208707254027,1.6999845853439595,1787832000000.0,2026-08-27T12:00+00:00,,,2.043478260869575,True,EMA sweep/touch closed back on the defended side; second EMA test episode; volume expansion; 1D regime aligns,less than 1.25R to nearby structure; DO NOT CHASE: price is already at least 0.75R beyond trigger,"{'valid_setup': 45.0, 'confirmation': 4.0, 'close_quality': 8.843537414965986, 'rejection_wick': 7.0, 'range': 2.6813623741181587, 'ema_slope': 1.0848144344171107, 'touch_freshness': 5.0, 'cleanliness': 6.0, 'volume_impulse': 5.0, 'structure_room': -8.0, 'mtf_alignment': 5.0}",False,NEW
NEARUSDT,1D,LONG,EMA_REJECTION,TRIGGERED,1787702400000,2026-08-26T00:00+00:00,4,80.63212070608002,A,1.873,1.789526435707109,0.1291107372484762,1.909,1.7750000000000001,2.043,2.1769999999999996,2.311,1.95,0.305970149253731,7.01938187532739,32495744.9921,2,1,0.03541429748213196,0.8633949946266507,1.2847889037900015,1787788800000.0,2026-08-27T00:00+00:00,,,-0.2686567164179109,False,EMA sweep/touch closed back on the defended side; second EMA test episode; 4H regime aligns,less than 1.25R to nearby structure,"{'valid_setup': 45.0, 'confirmation': 4.0, 'close_quality': 10.0, 'rejection_wick': 7.0, 'range': 1.2779777312586944, 'ema_slope': 0.35414297482131957, 'touch_freshness': 5.0, 'cleanliness': 6.0, 'volume_impulse': 3.0, 'liquidity': 2.0, 'structure_room': -8.0, 'mtf_alignment': 5.0}",False,NEW
PAXGUSDT,1D,LONG,EMA_REJECTION,TRIGGERED,1786665600000,2026-08-14T00:00+00:00,16,80.39405172729003,A,4435.64,4359.716661462586,73.06185653195273,4394.12,4316.27,4471.969999999999,4549.819999999999,4627.669999999998,4540.56,1.8810533076429228,1.7716857982940715,19058895.842572,1,3,-0.018758881512729274,0.28309352539335303,0.9898160700382859,1786924800000.0,2026-08-17T00:00+00:00,,,0.5333333333333427,False,EMA sweep/touch closed back on the defended side; first EMA test episode; 4H regime aligns,EMA slope opposes the setup,"{'valid_setup': 45.0, 'confirmation': 4.0, 'close_quality': 9.252767019694922, 'rejection_wick': 7.0, 'range': 2.3663912857478673, 'ema_slope': -0.22510657815275129, 'touch_freshness': 8.0, 'mtf_alignment': 5.0}",False,
PAXGUSDT,1D,LONG,FAILED_ACCEPTANCE,TRIGGERED,1787097600000,2026-08-19T00:00+00:00,11,80.34626993995879,A,4435.64,4361.708823517864,75.83789592379354,4517.77,4326.37,4709.170000000001,4900.5700000000015,5091.970000000002,,,4.236603457015309,19058895.842572,1,5,0.041756634440206726,1.7855344591601638,2.853641321852157,1787184000000.0,2026-08-20T00:00+00:00,,,-0.4291013584117026,False,decisive body displacement through the EMA; first EMA test episode; volume expansion; 4H regime aligns,repeated EMA chop,"{'valid_setup': 45.0, 'confirmation': 4.0, 'body_displacement': 8.0, 'body_quality': 5.928703595556719, 'ema_displacement': 5.0, 'ema_slope': 0.41756634440206725, 'touch_freshness': 8.0, 'cleanliness': -6.0, 'volume_impulse': 5.0, 'mtf_alignment': 5.0}",False,
WLDUSDT,4H,SHORT,EMA_ACCEPTANCE,TRIGGERED,1788120000000,2026-08-30T20:00+00:00,4,79.58914737268405,B,0.3639,0.36628715682323015,0.012361419944247725,0.3547,0.38520000000000004,0.3242,0.29369999999999996,0.26319999999999993,0.3178,1.209836065573769,8.598815900761213,17273331.17826,1,1,0.0829283937558932,-0.3710865615697106,1.6047358066731743,1788177600000.0,2026-08-31T12:00+00:00,,,-0.30163934426229433,False,decisive body displacement through the EMA; first EMA test episode; volume expansion; 1D regime aligns,EMA slope opposes the setup; less than 1.25R to nearby structure,"{'valid_setup': 45.0, 'confirmation': 4.0, 'body_displacement': 8.0, 'body_quality': 5.264997087944079, 'ema_displacement': 2.319291009810691, 'ema_slope': -0.9951407250707184, 'touch_freshness': 8.0, 'cleanliness': 6.0, 'volume_impulse': 5.0, 'structure_room': -8.0, 'mtf_alignment': 5.0}",True,NEW
ADAUSDT,4H,LONG,EMA_REJECTION,TRIGGERED,1788148800000,2026-08-31T04:00+00:00,2,78.7900419897417,B,0.1996,0.1949523580540488,0.004780052881174494,0.1966,0.1925,0.2007,0.20479999999999998,0.20889999999999997,0.2029,1.5365853658536612,2.085452695829091,27011519.66048,1,2,0.1001004241102728,0.24008980119675982,1.392930383821248,1788163200000.0,2026-08-31T08:00+00:00,,,0.7317073170731727,False,EMA sweep/touch closed back on the defended side; first EMA test episode,1D regime conflicts,"{'valid_setup': 45.0, 'confirmation': 4.0, 'close_quality': 10.0, 'rejection_wick': 6.38176638176643, 'range': 1.4072713668725352, 'ema_slope': 1.001004241102728, 'touch_freshness': 8.0, 'cleanliness': 3.0, 'volume_impulse': 3.0, 'liquidity': 2.0, 'mtf_alignment': -5.0}",True,NEW
POLUSDT,1D,LONG,EMA_ACCEPTANCE,TRIGGERED,1787270400000,2026-08-21T00:00+00:00,9,78.58668720454338,B,0.09085,0.09441890403306762,0.004157082243065618,0.12148,0.08056,0.1624,0.20332,0.24424,,,33.68455712874547,16079802.186097,1,1,-0.37729330944286527,0.1782731068572416,6.374764840080376,1787616000000.0,2026-08-25T00:00+00:00,,,-0.7485337243401761,False,decisive body displacement through the EMA; first EMA test episode; volume expansion,EMA slope opposes the setup,"{'valid_setup': 45.0, 'confirmation': 4.0, 'body_displacement': 8.0, 'body_quality': 6.0, 'ema_displacement': 1.1142069178577598, 'ema_slope': -4.527519713314383, 'touch_freshness': 8.0, 'cleanliness': 6.0, 'volume_impulse': 5.0}",False,NEW
ADAUSDT,1D,SHORT,EMA_REJECTION,TRIGGERED,1787356800000,2026-08-22T00:00+00:00,8,77.64145029868158,B,0.1996,0.24933515570967574,0.014422995175894696,0.2087,0.2585,0.15889999999999999,0.10909999999999997,0.059299999999999964,0.1859,0.45783132530120446,23.86200287494011,27011519.66048,1,0,-0.42635701143497773,-1.6179132992206795,6.462629572453186,1787616000000.0,2026-08-25T00:00+00:00,,,0.18273092369477903,False,EMA sweep/touch closed back on the defended side; EMA slope supports direction; first EMA test episode; volume expansion,less than 1.25R to nearby structure; 4H regime conflicts,"{'valid_setup': 45.0, 'confirmation': 4.0, 'close_quality': 4.377880184331803, 'rejection_wick': 7.0, 'range': 5.0, 'ema_slope': 4.263570114349777, 'touch_freshness': 8.0, 'cleanliness': 6.0, 'volume_impulse': 5.0, 'liquidity': 2.0, 'structure_room': -8.0, 'mtf_alignment': -5.0}",False,
RLUSDUSDT,4H,SHORT,EMA_REJECTION,TRIGGERED,1788004800000,2026-08-29T12:00+00:00,12,77.61793220883621,B,1.0003,1.000702408109929,0.00034125620008358237,1.0002,1.0009000000000001,0.9994999999999998,0.9987999999999997,0.9980999999999995,1.0,0.2857142857141951,0.0699860027994546,66321207.2516,1,0,-0.1141985003500121,-0.8861615110726754,0.9966861930058434,1788091200000.0,2026-08-30T12:00+00:00,,,-0.14285714285709755,False,EMA sweep/touch closed back on the defended side; first EMA test episode,less than 1.25R to nearby structure,"{'valid_setup': 45.0, 'confirmation': 4.0, 'close_quality': 8.571428571428573, 'rejection_wick': 7.0, 'range': 3.9045186339075153, 'ema_slope': 1.1419850035001209, 'touch_freshness': 8.0, 'cleanliness': 6.0, 'liquidity': 2.0, 'structure_room': -8.0}",False,NEW
WLDUSDT,1D,SHORT,EMA_REJECTION,TRIGGERED,1787616000000,2026-08-25T00:00+00:00,5,77.29745339282542,B,0.3639,0.42592326259741314,0.03451492569014781,0.37520000000000003,0.4295,0.3209000000000001,0.2666000000000001,0.21230000000000016,0.3552,0.3683241252302032,14.472281449893378,17273331.17826,2,0,-0.15694632518141596,-1.2320253266415484,1.7746681964425692,1787875200000.0,2026-08-28T00:00+00:00,,,0.2081031307550652,False,EMA sweep/touch closed back on the defended side; EMA slope supports direction; second EMA test episode; volume expansion,less than 1.25R to nearby structure,"{'valid_setup': 45.0, 'confirmation': 4.0, 'close_quality': 9.2436974789916, 'rejection_wick': 6.100217864923753, 'range': 3.384074797095906, 'ema_slope': 1.5694632518141596, 'touch_freshness': 5.0, 'cleanliness': 6.0, 'volume_impulse': 5.0, 'structure_room': -8.0}",False,NEW
PAXGUSDT,1D,LONG,EMA_REJECTION,TRIGGERED,1787097600000,2026-08-19T00:00+00:00,11,77.23037622817026,B,4435.64,4361.708823517864,75.83789592379354,4517.77,4326.37,4709.170000000001,4900.5700000000015,5091.970000000002,,,4.236603457015309,19058895.842572,1,5,0.041756634440206726,1.7855344591601638,2.853641321852157,1787184000000.0,2026-08-20T00:00+00:00,,,-0.4291013584117026,False,EMA sweep/touch closed back on the defended side; first EMA test episode; volume expansion; 4H regime aligns,repeated EMA chop,"{'valid_setup': 45.0, 'confirmation': 4.0, 'close_quality': 10.0, 'rejection_wick': 0.8128098837681862, 'range': 5.0, 'ema_slope': 0.41756634440206725, 'touch_freshness': 8.0, 'cleanliness': -6.0, 'volume_impulse': 5.0, 'mtf_alignment': 5.0}",False,GRADE A→B
INJUSDT,1D,LONG,EMA_REJECTION,TRIGGERED,1787443200000,2026-08-23T00:00+00:00,7,76.85997566776479,B,4.982,4.925142446048615,0.34390307735198083,5.465,4.735,6.194999999999999,6.924999999999999,7.6549999999999985,5.927,0.6328767123287672,13.357731015553515,6393586.99145,3,1,-0.1142327969170373,1.2528458810806367,2.925255503871994,1787529600000.0,2026-08-24T00:00+00:00,,,-0.6616438356164382,False,EMA sweep/touch closed back on the defended side; volume expansion; 4H regime aligns,EMA slope opposes the setup; less than 1.25R to nearby structure,"{'valid_setup': 45.0, 'confirmation': 4.0, 'close_quality': 10.0, 'rejection_wick': 4.230769230769235, 'range': 5.0, 'ema_slope': -1.3707935630044477, 'touch_freshness': 2.0, 'cleanliness': 6.0, 'volume_impulse': 5.0, 'structure_room': -8.0, 'mtf_alignment': 5.0}",False,NEW
APTUSDT,4H,SHORT,EMA_REJECTION,TRIGGERED,1787846400000,2026-08-27T16:00+00:00,23,75.97323281072048,B,0.519,0.5842434641277223,0.017774197513667156,0.5690000000000001,0.588,0.5500000000000002,0.5310000000000002,0.5120000000000003,0.556,0.6842105263157935,3.3391915641476104,5644648.10449,2,1,-0.10008256283171865,-0.6888335812802786,0.7666965434840388,1787860800000.0,2026-08-27T20:00+00:00,,,2.6315789473684363,True,EMA sweep/touch closed back on the defended side; second EMA test episode; 1D regime aligns,less than 1.25R to nearby structure; DO NOT CHASE: price is already at least 0.75R beyond trigger,"{'valid_setup': 45.0, 'confirmation': 4.0, 'close_quality': 9.89010989010989, 'rejection_wick': 7.0, 'range': 1.0822972922933958, 'ema_slope': 1.0008256283171864, 'touch_freshness': 5.0, 'cleanliness': 6.0, 'structure_room': -8.0, 'mtf_alignment': 5.0}",False,NEW
DOGSUSDT,4H,LONG,EMA_ACCEPTANCE,TRIGGERED,1788134400000,2026-08-31T00:00+00:00,3,75.62646983394227,B,4.587e-05,3.791967588507159e-05,1.0656863174643719e-06,4.2250000000000004e-05,3.772e-05,4.678000000000001e-05,5.1310000000000015e-05,5.584000000000002e-05,4.588e-05,0.8013245033112567,10.721893491124273,5896383.44770159,1,0,0.16264698339422695,2.0834687267181105,2.6053485914111656,1788177600000.0,2026-08-31T12:00+00:00,,,0.7991169977924926,True,decisive body displacement through the EMA; EMA slope supports direction; first EMA test episode; volume expansion,less than 1.25R to nearby structure; DO NOT CHASE: price is already at least 0.75R beyond trigger; 1D regime conflicts,"{'valid_setup': 45.0, 'confirmation': 4.0, 'body_displacement': 8.0, 'body_quality': 6.0, 'ema_displacement': 5.0, 'ema_slope': 1.6264698339422694, 'touch_freshness': 8.0, 'cleanliness': 6.0, 'volume_impulse': 5.0, 'structure_room': -8.0, 'mtf_alignment': -5.0}",True,NEW
APTUSDT,4H,SHORT,EMA_REJECTION,TRIGGERED,1787875200000,2026-08-28T00:00+00:00,21,75.483624567866,B,0.519,0.5839213242969713,0.017708364182702798,0.559,0.587,0.5310000000000001,0.5030000000000002,0.4750000000000003,0.55,0.32142857142857273,5.008944543828249,5644648.10449,3,0,-0.09400945600496388,-1.1814374315503924,1.0501926726735378,1787889600000.0,2026-08-28T04:00+00:00,,,1.4285714285714342,True,EMA sweep/touch closed back on the defended side; 1D regime aligns,less than 1.25R to nearby structure; DO NOT CHASE: price is already at least 0.75R beyond trigger,"{'valid_setup': 45.0, 'confirmation': 4.0, 'close_quality': 10.0, 'rejection_wick': 6.844444444444474, 'range': 3.699085563371896, 'ema_slope': 0.9400945600496388, 'touch_freshness': 2.0, 'cleanliness': 6.0, 'structure_room': -8.0, 'mtf_alignment': 5.0}",False,NEW
ASTERUSDT,1D,SHORT,FAILED_ACCEPTANCE,TRIGGERED,1787788800000,2026-08-27T00:00+00:00,3,75.08561094026527,B,0.702,0.7218130801253257,0.03725556794691668,0.7010000000000001,0.732,0.6700000000000002,0.6390000000000002,0.6080000000000003,0.619,2.6451612903225903,4.422253922967177,7621594.34561,2,2,-0.1288161231167622,-0.5318152753316312,2.4902272794453126,1787875200000.0,2026-08-28T00:00+00:00,,,-0.03225806451612557,False,decisive body displacement through the EMA; EMA slope supports direction; second EMA test episode; volume expansion,4H regime conflicts,"{'valid_setup': 45.0, 'confirmation': 4.0, 'body_displacement': 4.47360423827495, 'body_quality': 6.0, 'ema_displacement': 3.323845470822695, 'ema_slope': 1.2881612311676218, 'touch_freshness': 5.0, 'cleanliness': 3.0, 'volume_impulse': 5.0, 'structure_room': 3.0, 'mtf_alignment': -5.0}",False,NEW
ASTERUSDT,1D,SHORT,EMA_REJECTION,TRIGGERED,1787788800000,2026-08-27T00:00+00:00,3,74.69685947574497,B,0.702,0.7218130801253257,0.03725556794691668,0.7010000000000001,0.732,0.6700000000000002,0.6390000000000002,0.6080000000000003,0.619,2.6451612903225903,4.422253922967177,7621594.34561,2,2,-0.1288161231167622,-0.5318152753316312,2.4902272794453126,1787875200000.0,2026-08-28T00:00+00:00,,,-0.03225806451612557,False,EMA sweep/touch closed back on the defended side; EMA slope supports direction; second EMA test episode; volume expansion,4H regime conflicts,"{'valid_setup': 45.0, 'confirmation': 4.0, 'close_quality': 10.0, 'rejection_wick': 2.1455938697318007, 'range': 1.2631043748455428, 'ema_slope': 1.2881612311676218, 'touch_freshness': 5.0, 'cleanliness': 3.0, 'volume_impulse': 5.0, 'structure_room': 3.0, 'mtf_alignment': -5.0}",False,NEW
SKHYBUSDT,4H,LONG,FAILED_ACCEPTANCE,TRIGGERED,1788148800000,2026-08-31T04:00+00:00,2,74.59058261391306,B,162.43,157.79991404066345,2.451152575821276,161.92000000000002,155.22,168.62000000000003,175.32000000000005,182.02000000000007,164.01,0.31194029850745814,4.137845849802382,8727115.23959,2,2,0.18401451391519805,1.4605724648279024,2.0448504117243997,1788163200000.0,2026-08-31T08:00+00:00,,,0.07611940298507308,False,decisive body displacement through the EMA; EMA slope supports direction; second EMA test episode; volume expansion,less than 1.25R to nearby structure,"{'valid_setup': 45.0, 'confirmation': 4.0, 'body_displacement': 8.0, 'body_quality': 5.750437474761069, 'ema_displacement': 5.0, 'ema_slope': 1.8401451391519803, 'touch_freshness': 5.0, 'cleanliness': 3.0, 'volume_impulse': 5.0, 'structure_room': -8.0}",True,NEW
NEARUSDT,1D,LONG,EMA_REJECTION,TRIGGERED,1787961600000,2026-08-29T00:00+00:00,1,74.31648251830958,B,1.873,1.7919974375919967,0.12943122803750082,1.887,1.778,1.996,2.105,2.214,1.95,0.5779816513761463,5.776364599894011,32495744.9921,3,1,0.08462982089901061,0.5872042130820452,0.7472245397247322,1788048000000.0,2026-08-30T00:00+00:00,,,-0.12844036697247718,False,EMA sweep/touch closed back on the defended side; 4H regime aligns,less than 1.25R to nearby structure,"{'valid_setup': 45.0, 'confirmation': 4.0, 'close_quality': 9.479305740988037, 'rejection_wick': 6.5420560747663785, 'range': 1.4488224935650558, 'ema_slope': 0.8462982089901061, 'touch_freshness': 2.0, 'cleanliness': 6.0, 'liquidity': 2.0, 'structure_room': -8.0, 'mtf_alignment': 5.0}",True,NEW
NEARUSDT,4H,LONG,EMA_REJECTION,TRIGGERED,1788004800000,2026-08-29T12:00+00:00,12,73.94320364077495,B,1.873,1.788782188647503,0.05131033426401585,1.854,1.782,1.9260000000000002,1.9980000000000002,2.0700000000000003,1.908,0.7499999999999969,3.883495145631071,32495744.9921,1,0,0.09081987866215226,0.9981967977241633,0.9546692606524313,1788019200000.0,2026-08-29T16:00+00:00,,,0.26388888888888734,False,EMA sweep/touch closed back on the defended side; first EMA test episode; 1D regime aligns,less than 1.25R to nearby structure,"{'valid_setup': 45.0, 'confirmation': 4.0, 'close_quality': 7.881773399014833, 'rejection_wick': 0.5363984674329502, 'range': 2.616832987705655, 'ema_slope': 0.9081987866215225, 'touch_freshness': 8.0, 'cleanliness': 6.0, 'liquidity': 2.0, 'structure_room': -8.0, 'mtf_alignment': 5.0}",False,NEW
XLMUSDT,4H,SHORT,EMA_REJECTION,TRIGGERED,1788163200000,2026-08-31T08:00+00:00,1,73.78593556856451,B,0.1789,0.1774956011962442,0.0034058350352751746,0.1758,0.17800000000000002,0.1736,0.1714,0.1692,0.1724,1.5454545454545465,1.2514220705347028,14337439.3622,3,2,0.023159212202398808,-0.29232220173099505,1.3758081010558734,1788177600000.0,2026-08-31T12:00+00:00,,,-1.4090909090909005,False,EMA sweep/touch closed back on the defended side; 1D regime aligns,EMA slope opposes the setup,"{'valid_setup': 45.0, 'confirmation': 4.0, 'close_quality': 4.76190476190491, 'rejection_wick': 7.0, 'range': 0.30194135308838055, 'ema_slope': -0.2779105464287857, 'touch_freshness': 2.0, 'cleanliness': 3.0, 'volume_impulse': 3.0, 'mtf_alignment': 5.0}",True,NEW
RLUSDUSDT,4H,SHORT,EMA_REJECTION,TRIGGERED,1788048000000,2026-08-30T00:00+00:00,9,73.63936126462339,B,1.0003,1.0006983864431584,0.0003325582622389259,1.0004,1.0009000000000001,0.9998999999999998,0.9993999999999996,0.9988999999999995,1.0002,0.3999999999998224,0.049980007996817975,66321207.2516,1,0,-0.09005244598130621,-0.5965464271519868,0.5667210212928873,1788062400000.0,2026-08-30T04:00+00:00,,,0.1999999999999112,False,EMA sweep/touch closed back on the defended side; first EMA test episode,weak signal-candle volume; less than 1.25R to nearby structure,"{'valid_setup': 45.0, 'confirmation': 4.0, 'close_quality': 10.0, 'rejection_wick': 7.0, 'range': 1.7388368048103275, 'ema_slope': 0.9005244598130621, 'touch_freshness': 8.0, 'cleanliness': 6.0, 'volume_impulse': -3.0, 'liquidity': 2.0, 'structure_room': -8.0}",False,NEW
WLDUSDT,4H,SHORT,EMA_REJECTION,TRIGGERED,1788163200000,2026-08-31T08:00+00:00,1,73.44647577616556,B,0.3639,0.3661758674972445,0.011695131055944706,0.35800000000000004,0.3675,0.3485000000000001,0.33900000000000013,0.3295000000000002,0.3554,0.2736842105263221,2.6536312849161874,17273331.17826,1,1,0.05209047229888606,-0.5793750805212482,1.1202492944470266,1788177600000.0,2026-08-31T12:00+00:00,,,-0.6210526315789463,False,EMA sweep/touch closed back on the defended side; first EMA test episode; 1D regime aligns,EMA slope opposes the setup; less than 1.25R to nearby structure,"{'valid_setup': 45.0, 'confirmation': 4.0, 'close_quality': 9.461966604823687, 'rejection_wick': 0.808080808080827, 'range': 0.80151403084767, 'ema_slope': -0.6250856675866328, 'touch_freshness': 8.0, 'cleanliness': 6.0, 'volume_impulse': 3.0, 'structure_room': -8.0, 'mtf_alignment': 5.0}",True,NEW
XLMUSDT,1D,SHORT,EMA_ACCEPTANCE,TRIGGERED,1787616000000,2026-08-25T00:00+00:00,5,73.25681827291727,B,0.1789,0.19055961299889232,0.01145112122211707,0.1777,0.20040000000000002,0.15499999999999997,0.13229999999999995,0.10959999999999992,0.17,0.3392070484581487,12.774338773213294,14337439.3622,1,2,-0.09818274284525172,-0.7125601799701997,3.448409971578657,1787875200000.0,2026-08-28T00:00+00:00,,,-0.05286343612334825,False,decisive body displacement through the EMA; first EMA test episode; volume expansion,less than 1.25R to nearby structure,"{'valid_setup': 45.0, 'confirmation': 4.0, 'body_displacement': 6.578686215270528, 'body_quality': 4.242803504380475, 'ema_displacement': 4.453501124813748, 'ema_slope': 0.9818274284525171, 'touch_freshness': 8.0, 'cleanliness': 3.0, 'volume_impulse': 5.0, 'structure_room': -8.0}",False,FORMING→TRIGGERED
RLUSDUSDT,4H,SHORT,EMA_REJECTION,TRIGGERED,1788033600000,2026-08-29T20:00+00:00,10,72.55777361661613,B,1.0003,1.000700380276758,0.00033506274394961503,1.0005,1.0009000000000001,1.0000999999999998,0.9996999999999996,0.9992999999999994,1.0003,0.49999999999972244,0.03998000999502029,66321207.2516,1,0,-0.09927615851559843,-0.2995865060221872,0.20740242252265367,1788048000000.0,2026-08-30T00:00+00:00,,,0.49999999999972244,False,EMA sweep/touch closed back on the defended side; first EMA test episode,weak signal-candle volume; less than 1.25R to nearby structure,"{'valid_setup': 45.0, 'confirmation': 4.0, 'close_quality': 10.0, 'rejection_wick': 7.0, 'range': 0.5650120314601426, 'ema_slope': 0.9927615851559842, 'touch_freshness': 8.0, 'cleanliness': 6.0, 'volume_impulse': -3.0, 'liquidity': 2.0, 'structure_room': -8.0}",False,NEW
INJUSDT,1D,LONG,EMA_ACCEPTANCE,TRIGGERED,1787270400000,2026-08-21T00:00+00:00,9,71.94755226827867,B,4.982,4.920669628615694,0.28023078793484163,5.341,4.581,6.101,6.861,7.6209999999999996,5.642,0.3960526315789477,14.229545029020779,6393586.99145,3,1,-0.1811253253131353,0.5007671441759469,3.4881126941870493,1787443200000.0,2026-08-23T00:00+00:00,,,-0.4723684210526317,False,decisive body displacement through the EMA; volume expansion; 4H regime aligns,EMA slope opposes the setup; less than 1.25R to nearby structure,"{'valid_setup': 45.0, 'confirmation': 4.0, 'body_displacement': 6.899075392754012, 'body_quality': 5.0921861281826155, 'ema_displacement': 3.1297946510996684, 'ema_slope': -2.1735039037576236, 'touch_freshness': 2.0, 'cleanliness': 6.0, 'volume_impulse': 5.0, 'structure_room': -8.0, 'mtf_alignment': 5.0}",False,NEW
SKHYBUSDT,4H,LONG,EMA_REJECTION,TRIGGERED,1788148800000,2026-08-31T04:00+00:00,2,71.83683977429055,B,162.43,157.79991404066345,2.451152575821276,161.92000000000002,157.53,166.31000000000003,170.70000000000005,175.09000000000006,163.37,0.33029612756263865,2.711215415019772,8727115.23959,2,2,0.18401451391519805,1.4605724648279024,2.0448504117243997,1788163200000.0,2026-08-31T08:00+00:00,,,0.11617312072892692,False,EMA sweep/touch closed back on the defended side; EMA slope supports direction; second EMA test episode; volume expansion,less than 1.25R to nearby structure,"{'valid_setup': 45.0, 'confirmation': 4.0, 'close_quality': 10.0, 'rejection_wick': 0.996694635138574, 'range': 5.0, 'ema_slope': 1.8401451391519803, 'touch_freshness': 5.0, 'cleanliness': 3.0, 'volume_impulse': 5.0, 'structure_room': -8.0}",True,NEW
DOGSUSDT,4H,LONG,EMA_REJECTION,TRIGGERED,1788134400000,2026-08-31T00:00+00:00,3,71.68408300266655,B,4.587e-05,3.791967588507159e-05,1.0656863174643719e-06,4.044e-05,3.772e-05,4.316e-05,4.588e-05,4.86e-05,4.119e-05,0.2757352941176462,6.7260138476755715,5896383.44770159,1,0,0.16264698339422695,2.0834687267181105,2.6053485914111656,1788148800000.0,2026-08-31T04:00+00:00,,,1.996323529411764,True,EMA sweep/touch closed back on the defended side; EMA slope supports direction; first EMA test episode; volume expansion,less than 1.25R to nearby structure; DO NOT CHASE: price is already at least 0.75R beyond trigger; 1D regime conflicts,"{'valid_setup': 45.0, 'confirmation': 4.0, 'close_quality': 10.0, 'rejection_wick': 0.05761316872428908, 'range': 5.0, 'ema_slope': 1.6264698339422694, 'touch_freshness': 8.0, 'cleanliness': 6.0, 'volume_impulse': 5.0, 'structure_room': -8.0, 'mtf_alignment': -5.0}",True,NEW
WLDUSDT,1D,SHORT,EMA_REJECTION,TRIGGERED,1787875200000,2026-08-28T00:00+00:00,2,71.66278636163742,B,0.3639,0.4252245571604752,0.03560200136343103,0.37260000000000004,0.4289,0.3163000000000001,0.2600000000000001,0.20370000000000016,0.3552,0.30905861456483197,15.110037573805677,17273331.17826,3,0,-0.09521865872555896,-1.2702813164579019,1.3651912981171086,1787961600000.0,2026-08-29T00:00+00:00,,,0.15452930728241646,False,EMA sweep/touch closed back on the defended side,less than 1.25R to nearby structure,"{'valid_setup': 45.0, 'confirmation': 4.0, 'close_quality': 10.0, 'rejection_wick': 4.488808227465219, 'range': 4.221791546916601, 'ema_slope': 0.9521865872555896, 'touch_freshness': 2.0, 'cleanliness': 6.0, 'volume_impulse': 3.0, 'structure_room': -8.0}",False,NEW
ZKCUSDT,4H,LONG,EMA_ACCEPTANCE,TRIGGERED,1788004800000,2026-08-29T12:00+00:00,12,71.3133953620657,B,0.0546,0.03985202016641979,0.0010020573273960094,0.0506,0.0388,0.0624,0.07419999999999999,0.086,,,23.320158102766793,12004028.67983,3,2,-0.018701646998725917,1.8441857397345258,29.435623692642107,1788062400000.0,2026-08-30T04:00+00:00,,,0.338983050847458,False,decisive body displacement through the EMA; volume expansion,EMA slope opposes the setup; 1D regime conflicts,"{'valid_setup': 45.0, 'confirmation': 4.0, 'body_displacement': 8.0, 'body_quality': 4.53781512605042, 'ema_displacement': 5.0, 'ema_slope': -0.224419763984711, 'touch_freshness': 2.0, 'cleanliness': 3.0, 'volume_impulse': 5.0, 'mtf_alignment': -5.0}",False,NEW
INJUSDT,1D,LONG,EMA_REJECTION,TRIGGERED,1787961600000,2026-08-29T00:00+00:00,1,71.09579664006914,B,4.982,4.954816621633634,0.3888083966781269,5.205,4.914,5.496,5.787000000000001,6.078000000000001,5.453,0.8522336769759447,5.590778097982716,6393586.99145,2,1,0.08761977841612102,0.5405834343139604,0.5133519658257552,1788048000000.0,2026-08-30T00:00+00:00,,,-0.7663230240549814,False,EMA sweep/touch closed back on the defended side; second EMA test episode; 4H regime aligns,weak signal-candle volume; less than 1.25R to nearby structure,"{'valid_setup': 45.0, 'confirmation': 4.0, 'close_quality': 8.9026915113872, 'rejection_wick': 7.0, 'range': 0.316907344520725, 'ema_slope': 0.8761977841612102, 'touch_freshness': 5.0, 'cleanliness': 6.0, 'volume_impulse': -3.0, 'structure_room': -8.0, 'mtf_alignment': 5.0}",True,NEW
AUCTIONUSDT,4H,LONG,EMA_REJECTION,TRIGGERED,1787932800000,2026-08-28T16:00+00:00,17,70.99586385207247,B,3.474,3.0666104395232012,0.07602316690956372,3.153,3.0580000000000003,3.2479999999999998,3.3429999999999995,3.4379999999999993,3.193,0.42105263157894884,3.013003488740874,6747120.92299,1,0,0.18310594282194614,1.123204464480904,1.0474995305105654,1787947200000.0,2026-08-28T20:00+00:00,,,3.378947368421063,True,EMA sweep/touch closed back on the defended side; EMA slope supports direction; first EMA test episode,less than 1.25R to nearby structure; DO NOT CHASE: price is already at least 0.75R beyond trigger; 1D regime conflicts,"{'valid_setup': 45.0, 'confirmation': 4.0, 'close_quality': 10.0, 'rejection_wick': 7.0, 'range': 2.1648044238530137, 'ema_slope': 1.8310594282194614, 'touch_freshness': 8.0, 'cleanliness': 6.0, 'structure_room': -8.0, 'mtf_alignment': -5.0}",False,NEW
ONDOUSDT,4H,SHORT,EMA_REJECTION,TRIGGERED,1788105600000,2026-08-30T16:00+00:00,5,70.8429397429912,B,0.3484,0.3589443274545208,0.00797746006108044,0.35760000000000003,0.3638,0.35140000000000005,0.34520000000000006,0.3390000000000001,0.3552,0.38709677419355154,1.7337807606263935,8897155.73471,5,1,-0.06809432437872716,-0.11837445092679486,1.691100827356564,1788120000000.0,2026-08-30T20:00+00:00,,,1.4838709677419462,True,EMA sweep/touch closed back on the defended side; volume expansion; 1D regime aligns,EMA is heavily tested; less than 1.25R to nearby structure; DO NOT CHASE: price is already at least 0.75R beyond trigger,"{'valid_setup': 45.0, 'confirmation': 4.0, 'close_quality': 10.0, 'rejection_wick': 7.0, 'range': 1.1619964992039302, 'ema_slope': 0.6809432437872716, 'touch_freshness': -5.0, 'cleanliness': 6.0, 'volume_impulse': 5.0, 'structure_room': -8.0, 'mtf_alignment': 5.0}",True,NEW
ZKPUSDT,4H,LONG,EMA_REJECTION,TRIGGERED,1787990400000,2026-08-29T08:00+00:00,13,70.43603210999449,B,0.0468,0.04327967778226015,0.001487358650850705,0.0459,0.043000000000000003,0.0488,0.0517,0.0546,0.0476,0.5862068965517242,6.318082788671023,5738863.50983,3,1,-0.011865127024419636,1.5600287236792076,6.683834386095509,1788004800000.0,2026-08-29T12:00+00:00,,,0.31034482758620624,False,EMA sweep/touch closed back on the defended side; volume expansion,EMA slope opposes the setup; less than 1.25R to nearby structure; 1D regime conflicts,"{'valid_setup': 45.0, 'confirmation': 4.0, 'close_quality': 10.0, 'rejection_wick': 6.844444444444461, 'range': 4.733969189843067, 'ema_slope': -0.14238152429303563, 'touch_freshness': 2.0, 'cleanliness': 6.0, 'volume_impulse': 5.0, 'structure_room': -8.0, 'mtf_alignment': -5.0}",False,NEW
PROMUSDT,1D,LONG,EMA_ACCEPTANCE,TRIGGERED,1787270400000,2026-08-21T00:00+00:00,9,70.36000636527523,B,5.577,2.4158426349589273,0.41797877224615965,3.0660000000000003,2.1270000000000002,4.005000000000001,4.944000000000001,5.883000000000001,3.627,0.5974440894568684,30.626223091976517,18223297.33883,2,3,-0.035851058160166094,0.5984929897199369,3.818933945631043,1787443200000.0,2026-08-23T00:00+00:00,,,2.6741214057507983,True,decisive body displacement through the EMA; second EMA test episode; volume expansion; 4H regime aligns,EMA slope opposes the setup; less than 1.25R to nearby structure; DO NOT CHASE: price is already at least 0.75R beyond trigger,"{'valid_setup': 45.0, 'confirmation': 4.0, 'body_displacement': 7.145498443896412, 'body_quality': 3.9041394335511983, 'ema_displacement': 3.7405811857496056, 'ema_slope': -0.4302126979219931, 'touch_freshness': 5.0, 'volume_impulse': 5.0, 'structure_room': -8.0, 'mtf_alignment': 5.0}",False,
FILUSDT,4H,SHORT,EMA_REJECTION,TRIGGERED,1787875200000,2026-08-28T00:00+00:00,21,70.2485244164787,B,0.6811,0.718963231988227,0.020687586544269058,0.6963,0.7212000000000001,0.6714,0.6465,0.6215999999999999,0.6868,0.38152610441767276,3.576044808272301,5273190.39518,2,5,-0.04801258551157178,-0.926315495875746,2.7755199296058883,1787904000000.0,2026-08-28T08:00+00:00,,,0.6104417670682719,False,EMA sweep/touch closed back on the defended side; second EMA test episode; volume expansion; 1D regime aligns,repeated EMA chop; less than 1.25R to nearby structure,"{'valid_setup': 45.0, 'confirmation': 4.0, 'close_quality': 10.0, 'rejection_wick': 7.0, 'range': 2.768398561362981, 'ema_slope': 0.4801258551157178, 'touch_freshness': 5.0, 'cleanliness': -6.0, 'volume_impulse': 5.0, 'structure_room': -8.0, 'mtf_alignment': 5.0}",False,NEW
ZROUSDT,1D,SHORT,EMA_REJECTION,TRIGGERED,1787875200000,2026-08-28T00:00+00:00,2,69.93122403961243,B,1.05,1.2226958861902337,0.11203359205283038,1.077,1.235,0.9189999999999998,0.7609999999999997,0.6029999999999995,0.891,1.1772151898734162,14.670380687093793,7795206.97024,2,0,-0.13089377676262595,-1.1665776647472206,3.0710685755725216,1787961600000.0,2026-08-29T00:00+00:00,,,0.1708860759493664,False,EMA sweep/touch closed back on the defended side; EMA slope supports direction; second EMA test episode; volume expansion,less than 1.25R to nearby structure; 4H regime conflicts,"{'valid_setup': 45.0, 'confirmation': 4.0, 'close_quality': 10.0, 'rejection_wick': 3.5811350919264613, 'range': 3.0411511800597135, 'ema_slope': 1.3089377676262595, 'touch_freshness': 5.0, 'cleanliness': 6.0, 'volume_impulse': 5.0, 'structure_room': -8.0, 'mtf_alignment': -5.0}",False,NEW
ONDOUSDT,1D,SHORT,FAILED_ACCEPTANCE,TRIGGERED,1787356800000,2026-08-22T00:00+00:00,8,69.64390111803053,B,0.3484,0.3716473951153334,0.025918921133673202,0.3383,0.4283,0.24829999999999997,0.15829999999999994,0.06829999999999992,0.3131,0.2799999999999999,26.60360626662726,8897155.73471,3,2,-0.109365883333076,-0.31048341378987615,5.7028027789979205,1788048000000.0,2026-08-30T00:00+00:00,,,-0.11222222222222217,False,decisive body displacement through the EMA; volume expansion; 4H regime aligns,less than 1.25R to nearby structure,"{'valid_setup': 45.0, 'confirmation': 4.0, 'body_displacement': 8.0, 'body_quality': 2.6097209485130346, 'ema_displacement': 1.9405213361867257, 'ema_slope': 1.09365883333076, 'touch_freshness': 2.0, 'cleanliness': 3.0, 'volume_impulse': 5.0, 'structure_room': -8.0, 'mtf_alignment': 5.0}",False,WATCH→TRIGGERED
LTCUSDT,4H,LONG,EMA_REJECTION,TRIGGERED,1788134400000,2026-08-31T00:00+00:00,3,68.06819431875161,B,48.83,47.58248375539626,0.8351640406975206,48.51,47.480000000000004,49.53999999999999,50.569999999999986,51.59999999999998,49.6,1.0582524271844755,2.123273551844968,13075478.35959,1,0,0.18193904818330883,1.0267638485578807,0.8211049066552164,1788148800000.0,2026-08-31T04:00+00:00,,,0.3106796116504875,False,EMA sweep/touch closed back on the defended side; EMA slope supports direction; first EMA test episode,less than 1.25R to nearby structure; 1D regime conflicts,"{'valid_setup': 45.0, 'confirmation': 4.0, 'close_quality': 10.0, 'rejection_wick': 4.387464387464358, 'range': 1.8613394494541593, 'ema_slope': 1.8193904818330882, 'touch_freshness': 8.0, 'cleanliness': 6.0, 'structure_room': -8.0, 'mtf_alignment': -5.0}",True,NEW
SNDKBUSDT,4H,SHORT,EMA_ACCEPTANCE,TRIGGERED,1787832000000,2026-08-27T12:00+00:00,24,67.49512684115119,C,1492.4,1505.8724681995957,44.30319343566325,1457.81,1570.29,1345.33,1232.85,1120.37,1418.51,0.34939544807965817,7.715683113711664,33373542.382307,3,3,0.01809857275607758,-0.6528303256873936,4.533306445008719,1787875200000.0,2026-08-28T00:00+00:00,,,-0.3075213371266015,False,decisive body displacement through the EMA; volume expansion,EMA slope opposes the setup; less than 1.25R to nearby structure,"{'valid_setup': 45.0, 'confirmation': 4.0, 'body_displacement': 8.0, 'body_quality': 5.6321201786779085, 'ema_displacement': 4.08018953554621, 'ema_slope': -0.21718287307293094, 'touch_freshness': 2.0, 'volume_impulse': 5.0, 'liquidity': 2.0, 'structure_room': -8.0}",False,NEW
UUSDT,1D,SHORT,EMA_ACCEPTANCE,TRIGGERED,1787011200000,2026-08-18T00:00+00:00,12,67.21520193139739,C,0.9997,1.0003822244542795,0.00038252203321079614,0.9994000000000001,1.0006000000000002,0.9982,0.9969999999999999,0.9957999999999998,,,0.12007204322594454,28190291.1305,4,2,-0.022279991269543376,-0.47637636125157057,1.3783292843731876,1787270400000.0,2026-08-21T00:00+00:00,,,-0.24999999999995373,False,decisive body displacement through the EMA; 4H regime aligns,EMA is heavily tested,"{'valid_setup': 45.0, 'confirmation': 4.0, 'body_displacement': 3.485637996173746, 'body_quality': 3.5294117647058822, 'ema_displacement': 2.977352257822316, 'ema_slope': 0.22279991269543375, 'touch_freshness': -5.0, 'cleanliness': 3.0, 'volume_impulse': 3.0, 'liquidity': 2.0, 'mtf_alignment': 5.0}",False,NEW
FILUSDT,4H,SHORT,EMA_ACCEPTANCE,TRIGGERED,1787860800000,2026-08-27T20:00+00:00,22,67.19278111156603,C,0.6811,0.719155827284591,0.020417400893828215,0.6963,0.7254,0.6672,0.6381,0.609,0.6868,0.3264604810996584,4.179233089185698,5273190.39518,2,5,-0.043180767245450315,-0.7276061905157397,3.586710048044794,1787904000000.0,2026-08-28T08:00+00:00,,,0.5223367697594496,False,decisive body displacement through the EMA; second EMA test episode; volume expansion; 1D regime aligns,repeated EMA chop; less than 1.25R to nearby structure,"{'valid_setup': 45.0, 'confirmation': 4.0, 'body_displacement': 6.269162302567703, 'body_quality': 5.94427244582045, 'ema_displacement': 4.547538690723373, 'ema_slope': 0.43180767245450313, 'touch_freshness': 5.0, 'cleanliness': -6.0, 'volume_impulse': 5.0, 'structure_room': -8.0, 'mtf_alignment': 5.0}",False,NEW
DOTUSDT,4H,SHORT,EMA_REJECTION,TRIGGERED,1788163200000,2026-08-31T08:00+00:00,1,66.92529845095689,C,0.839,0.834341925880712,0.018834007500180373,0.8240000000000001,0.838,0.8100000000000002,0.7960000000000003,0.7820000000000004,0.808,1.142857142857152,1.69902912621358,5200772.20152,6,1,0.02652506826311851,-0.38982281814646813,1.254558627179596,1788177600000.0,2026-08-31T12:00+00:00,,,-1.071428571428572,False,EMA sweep/touch closed back on the defended side; 1D regime aligns,EMA slope opposes the setup; EMA is heavily tested; less than 1.25R to nearby structure,"{'valid_setup': 45.0, 'confirmation': 4.0, 'close_quality': 9.523809523809526, 'rejection_wick': 7.0, 'range': 0.7197897463047764, 'ema_slope': -0.3183008191574221, 'touch_freshness': -5.0, 'cleanliness': 6.0, 'volume_impulse': 3.0, 'structure_room': -8.0, 'mtf_alignment': 5.0}",True,NEW
ZROUSDT,1D,SHORT,EMA_REJECTION,TRIGGERED,1787788800000,2026-08-27T00:00+00:00,3,66.91863855148321,C,1.05,1.224009412684608,0.10995925297997118,1.1320000000000001,1.2710000000000001,0.9930000000000001,0.8540000000000001,0.7150000000000001,1.044,0.6330935251798566,12.279151943462898,7795206.97024,2,0,-0.16248890198144683,-0.3456681602914429,3.4921061427339737,1787875200000.0,2026-08-28T00:00+00:00,,,0.5899280575539573,False,EMA sweep/touch closed back on the defended side; EMA slope supports direction; second EMA test episode; volume expansion,less than 1.25R to nearby structure; 4H regime conflicts,"{'valid_setup': 45.0, 'confirmation': 4.0, 'close_quality': 3.23253388946821, 'rejection_wick': 7.0, 'range': 3.0612156422005294, 'ema_slope': 1.6248890198144683, 'touch_freshness': 5.0, 'cleanliness': 6.0, 'volume_impulse': 5.0, 'structure_room': -8.0, 'mtf_alignment': -5.0}",False,NEW
USD1USDT,1D,SHORT,EMA_REJECTION,TRIGGERED,1787875200000,2026-08-28T00:00+00:00,2,66.89503416560416,C,0.99984,0.9999250234294839,0.00046656767796746513,0.9995700000000001,1.00025,0.9988900000000001,0.99821,0.99753,0.99937,0.2941176470589484,0.06802925257861019,252493282.34421,2,5,-0.015478584953680718,-0.18223171792418755,1.8758985156263708,1788048000000.0,2026-08-30T00:00+00:00,,,-0.3970588235292293,False,EMA sweep/touch closed back on the defended side; second EMA test episode; volume expansion; 4H regime aligns,repeated EMA chop; less than 1.25R to nearby structure,"{'valid_setup': 45.0, 'confirmation': 4.0, 'close_quality': 3.030303030306089, 'rejection_wick': 7.0, 'range': 3.709945285761269, 'ema_slope': 0.15478584953680716, 'touch_freshness': 5.0, 'cleanliness': -6.0, 'volume_impulse': 5.0, 'liquidity': 3.0, 'structure_room': -8.0, 'mtf_alignment': 5.0}",False,NEW
ZENUSDT,1D,SHORT,EMA_ACCEPTANCE,TRIGGERED,1787529600000,2026-08-24T00:00+00:00,6,66.82044837291117,C,5.813,5.4598418732257326,0.38667315893310505,5.049,5.761,4.337000000000001,3.625000000000001,2.913000000000001,4.21,1.178370786516855,14.101802337096448,8630173.5996,1,2,-0.2223928221191926,-0.13924388590687664,4.28912022994817,1787702400000.0,2026-08-26T00:00+00:00,,,-1.073033707865168,False,decisive body displacement through the EMA; EMA slope supports direction; first EMA test episode; volume expansion,less than 1.25R to nearby structure; 4H regime conflicts,"{'valid_setup': 45.0, 'confirmation': 4.0, 'body_displacement': 5.930934900320001, 'body_quality': 5.795310964481269, 'ema_displacement': 0.870274286917979, 'ema_slope': 2.2239282211919256, 'touch_freshness': 8.0, 'cleanliness': 3.0, 'volume_impulse': 5.0, 'structure_room': -8.0, 'mtf_alignment': -5.0}",False,NEW
ZKPUSDT,4H,LONG,EMA_ACCEPTANCE,TRIGGERED,1787976000000,2026-08-29T04:00+00:00,14,64.60942955568731,C,0.0468,0.04325635796097633,0.001409463162454605,0.0459,0.042800000000000005,0.049,0.0521,0.0552,0.0476,0.5483870967741938,6.7538126361655735,5738863.50983,3,1,-0.04045585904898737,0.8114025747448416,1.2880854389683076,1788004800000.0,2026-08-29T12:00+00:00,,,0.2903225806451608,False,decisive body displacement through the EMA,EMA slope opposes the setup; less than 1.25R to nearby structure; 1D regime conflicts,"{'valid_setup': 45.0, 'confirmation': 4.0, 'body_displacement': 7.094899864275156, 'body_quality': 6.0, 'ema_displacement': 5.0, 'ema_slope': -0.48547030858784845, 'touch_freshness': 2.0, 'cleanliness': 6.0, 'volume_impulse': 3.0, 'structure_room': -8.0, 'mtf_alignment': -5.0}",False,NEW
EURIUSDT,4H,LONG,EMA_ACCEPTANCE,TRIGGERED,1788148800000,2026-08-31T04:00+00:00,2,64.46584122459994,C,1.1614,1.1585942006019563,0.0016075800848074579,1.1609,1.1576,1.1642000000000001,1.1675000000000002,1.1708000000000003,1.165,1.2424242424242098,0.28426221035404264,6293440.40769,3,1,-0.04951616583715934,0.6878658229808284,0.6049576285650736,1788177600000.0,2026-08-31T12:00+00:00,,,0.15151515151513112,False,decisive body displacement through the EMA; 1D regime aligns,EMA slope opposes the setup; weak signal-candle volume; less than 1.25R to nearby structure,"{'valid_setup': 45.0, 'confirmation': 4.0, 'body_displacement': 5.391125921856473, 'body_quality': 4.3697478991592025, 'ema_displacement': 4.299161393630177, 'ema_slope': -0.5941939900459121, 'touch_freshness': 2.0, 'cleanliness': 6.0, 'volume_impulse': -3.0, 'structure_room': -8.0, 'mtf_alignment': 5.0}",True,NEW
SNXXBUSDT,4H,SHORT,EMA_ACCEPTANCE,TRIGGERED,1787832000000,2026-08-27T12:00+00:00,24,64.2633156843898,C,13.01,13.952911175983273,0.7970722631683771,12.38,14.370000000000001,10.39,8.4,6.41,11.64,0.3718592964824121,16.074313408723746,7166179.0927,2,4,-0.07452505903318676,-1.5091620064681193,5.155707686327981,1787875200000.0,2026-08-28T00:00+00:00,,,-0.3165829145728638,False,decisive body displacement through the EMA; second EMA test episode; volume expansion,repeated EMA chop; less than 1.25R to nearby structure,"{'valid_setup': 45.0, 'confirmation': 4.0, 'body_displacement': 8.0, 'body_quality': 5.518065094057928, 'ema_displacement': 5.0, 'ema_slope': 0.7452505903318676, 'touch_freshness': 5.0, 'cleanliness': -6.0, 'volume_impulse': 5.0, 'structure_room': -8.0}",False,NEW
FILUSDT,4H,SHORT,EMA_REJECTION,TRIGGERED,1787860800000,2026-08-27T20:00+00:00,22,64.22408759845024,C,0.6811,0.719155827284591,0.020417400893828215,0.7024,0.7254,0.6794,0.6564,0.6334,0.6868,0.6782608695652194,3.2744874715261987,5273190.39518,2,5,-0.043180767245450315,-0.7276061905157397,3.586710048044794,1787875200000.0,2026-08-28T00:00+00:00,,,0.9260869565217377,True,EMA sweep/touch closed back on the defended side; second EMA test episode; volume expansion; 1D regime aligns,repeated EMA chop; less than 1.25R to nearby structure; DO NOT CHASE: price is already at least 0.75R beyond trigger,"{'valid_setup': 45.0, 'confirmation': 4.0, 'close_quality': 10.0, 'rejection_wick': 1.2280701754385406, 'range': 2.564209750557188, 'ema_slope': 0.43180767245450313, 'touch_freshness': 5.0, 'cleanliness': -6.0, 'volume_impulse': 5.0, 'structure_room': -8.0, 'mtf_alignment': 5.0}",False,NEW
XLMUSDT,1D,SHORT,EMA_REJECTION,TRIGGERED,1787875200000,2026-08-28T00:00+00:00,2,63.36358086468369,C,0.1789,0.19036615770673357,0.011250442173830614,0.1753,0.19160000000000002,0.159,0.1427,0.12639999999999998,0.17,0.3251533742331286,9.29834569309755,14337439.3622,2,2,-0.02460200767501189,-0.965842723231722,1.3940712644797733,1788048000000.0,2026-08-30T00:00+00:00,,,-0.22085889570552086,False,EMA sweep/touch closed back on the defended side; second EMA test episode,less than 1.25R to nearby structure,"{'valid_setup': 45.0, 'confirmation': 4.0, 'close_quality': 5.8581706063720596, 'rejection_wick': 2.238209432454039, 'range': 3.021180749107476, 'ema_slope': 0.2460200767501189, 'touch_freshness': 5.0, 'cleanliness': 3.0, 'volume_impulse': 3.0, 'structure_room': -8.0}",False,NEW
TUTUSDT,4H,SHORT,EMA_REJECTION,TRIGGERED,1787990400000,2026-08-29T08:00+00:00,13,61.888923108167035,C,0.03166,0.04335362588712479,0.00538651274468797,0.036680000000000004,0.043910000000000005,0.029450000000000004,0.022220000000000004,0.014990000000000003,0.03462,0.2849239280774559,19.71101417666303,9465215.89029,4,1,-0.01784001603056302,-1.1572655969805734,1.5089627072910232,1788004800000.0,2026-08-29T12:00+00:00,,,0.6943291839557404,False,EMA sweep/touch closed back on the defended side; volume expansion,EMA is heavily tested; less than 1.25R to nearby structure; 1D regime conflicts,"{'valid_setup': 45.0, 'confirmation': 4.0, 'close_quality': 10.0, 'rejection_wick': 7.0, 'range': 2.7105229478614037, 'ema_slope': 0.1784001603056302, 'touch_freshness': -5.0, 'cleanliness': 6.0, 'volume_impulse': 5.0, 'structure_room': -8.0, 'mtf_alignment': -5.0}",False,NEW
TUTUSDT,4H,SHORT,EMA_ACCEPTANCE,TRIGGERED,1787918400000,2026-08-28T12:00+00:00,18,61.38487483260215,C,0.03166,0.043554587297291274,0.006125261883200226,0.0373,0.046150000000000004,0.028449999999999996,0.019599999999999992,0.010749999999999989,0.03462,0.3028248587570622,23.726541554959795,9465215.89029,3,1,0.11669500691589997,-0.6113350528834638,1.2646082501724023,1787990400000.0,2026-08-29T08:00+00:00,,,0.63728813559322,False,decisive body displacement through the EMA,EMA slope opposes the setup; less than 1.25R to nearby structure; 1D regime conflicts,"{'valid_setup': 45.0, 'confirmation': 4.0, 'body_displacement': 5.964370835071298, 'body_quality': 6.0, 'ema_displacement': 3.8208440805216486, 'ema_slope': -1.4003400829907997, 'touch_freshness': 2.0, 'cleanliness': 6.0, 'volume_impulse': 3.0, 'structure_room': -8.0, 'mtf_alignment': -5.0}",False,NEW
ARBUSDT,4H,LONG,EMA_REJECTION,TRIGGERED,1788148800000,2026-08-31T04:00+00:00,2,57.57075289702105,C,0.096,0.08574420506083895,0.002404644566167248,0.0872,0.0845,0.0899,0.09259999999999999,0.09529999999999998,0.0885,0.4814814814814809,3.096330275229351,9075860.49417,2,2,0.05599931019151621,0.23113392597847915,1.0404909765661656,1788177600000.0,2026-08-31T12:00+00:00,,,3.259259259259267,True,EMA sweep/touch closed back on the defended side; second EMA test episode,less than 1.25R to nearby structure; DO NOT CHASE: price is already at least 0.75R beyond trigger; 1D regime conflicts,"{'valid_setup': 45.0, 'confirmation': 4.0, 'close_quality': 5.142857142857208, 'rejection_wick': 5.600000000000069, 'range': 2.267902652248616, 'ema_slope': 0.559993101915162, 'touch_freshness': 5.0, 'cleanliness': 3.0, 'structure_room': -8.0, 'mtf_alignment': -5.0}",True,NEW
MUBUSDT,4H,LONG,FAILED_ACCEPTANCE,TRIGGERED,1788148800000,2026-08-31T04:00+00:00,2,57.51891698064751,C,943.33,930.8290203935076,11.200935075423898,934.69,912.75,956.6300000000001,978.5700000000002,1000.5100000000002,946.2,0.5246125797629883,2.3473023141362437,8979339.03315,5,2,0.00498238487194063,0.1036502397946905,5.927841491375861,1788163200000.0,2026-08-31T08:00+00:00,,,0.39380127620783795,False,decisive body displacement through the EMA; volume expansion,EMA is heavily tested; less than 1.25R to nearby structure,"{'valid_setup': 45.0, 'confirmation': 4.0, 'body_displacement': 7.404143741114856, 'body_quality': 5.417135392096432, 'ema_displacement': 0.6478139987168157, 'ema_slope': 0.0498238487194063, 'touch_freshness': -5.0, 'cleanliness': 3.0, 'volume_impulse': 5.0, 'structure_room': -8.0}",True,NEW
ZKUSDT,4H,LONG,EMA_ACCEPTANCE,TRIGGERED,1788048000000,2026-08-30T00:00+00:00,9,55.61562353461698,C,0.00904,0.008477065993169476,0.00023002870393389616,0.00881,0.008140000000000001,0.009479999999999999,0.010149999999999998,0.010819999999999996,0.00913,0.47761194029850706,7.604994324631087,9453337.53354,4,2,-0.1131330831361055,0.7083203271768496,11.79565390560396,1788076800000.0,2026-08-30T08:00+00:00,,,0.34328358208955184,False,decisive body displacement through the EMA; volume expansion,EMA slope opposes the setup; EMA is heavily tested; less than 1.25R to nearby structure; 1D regime conflicts,"{'valid_setup': 45.0, 'confirmation': 4.0, 'body_displacement': 8.0, 'body_quality': 5.5462184873949365, 'ema_displacement': 4.42700204485531, 'ema_slope': -1.357596997633266, 'touch_freshness': -5.0, 'cleanliness': 3.0, 'volume_impulse': 5.0, 'structure_room': -8.0, 'mtf_alignment': -5.0}",False,NEW
ENSOUSDT,4H,LONG,EMA_REJECTION,TRIGGERED,1788134400000,2026-08-31T00:00+00:00,3,55.01844979704118,C,0.894,0.8442475612877914,0.029568256248642448,0.889,0.837,0.9410000000000001,0.9930000000000001,1.0450000000000002,0.907,0.34615384615384615,5.849268841394831,17039126.51863,4,0,0.10421880358600334,1.2091493800501019,0.9089230879666513,1788148800000.0,2026-08-31T04:00+00:00,,,0.09615384615384616,False,EMA sweep/touch closed back on the defended side,EMA is heavily tested; less than 1.25R to nearby structure; 1D regime conflicts,"{'valid_setup': 45.0, 'confirmation': 4.0, 'close_quality': 9.714285714285714, 'rejection_wick': 2.488888888888889, 'range': 4.773087158006546, 'ema_slope': 1.0421880358600333, 'touch_freshness': -5.0, 'cleanliness': 6.0, 'structure_room': -8.0, 'mtf_alignment': -5.0}",True,NEW
GRAMUSDT,4H,SHORT,EMA_REJECTION,TRIGGERED,1787860800000,2026-08-27T20:00+00:00,22,55.01572805628302,C,1.381,1.4260082149789977,0.0361891307807953,1.413,1.436,1.3900000000000001,1.3670000000000002,1.3440000000000003,1.372,1.7826086956521776,1.6277423920735958,15168285.64914,4,3,-0.055166997624225014,-0.3041856696055108,0.5793888246787019,1787875200000.0,2026-08-28T00:00+00:00,,,1.3913043478260936,True,EMA sweep/touch closed back on the defended side,EMA is heavily tested; weak signal-candle volume; DO NOT CHASE: price is already at least 0.75R beyond trigger,"{'valid_setup': 45.0, 'confirmation': 4.0, 'close_quality': 10.0, 'rejection_wick': 2.9629629629629473, 'range': 0.5010951170778178, 'ema_slope': 0.5516699762422501, 'touch_freshness': -5.0, 'volume_impulse': -3.0}",False,NEW
ANIMEUSDT,4H,LONG,EMA_REJECTION,TRIGGERED,1788062400000,2026-08-30T04:00+00:00,8,54.946899413308834,D,0.00289,0.00260012047497643,5.503850104278574e-05,0.00266,0.0025800000000000003,0.00274,0.0028199999999999996,0.0028999999999999994,0.0027,0.5000000000000027,3.0075187969924726,6048079.522478,6,0,0.061218248270537436,0.7245750568782445,0.9891808686659094,1788076800000.0,2026-08-30T08:00+00:00,,,2.87500000000001,True,EMA sweep/touch closed back on the defended side,EMA is heavily tested; less than 1.25R to nearby structure; DO NOT CHASE: price is already at least 0.75R beyond trigger; 1D regime conflicts,"{'valid_setup': 45.0, 'confirmation': 4.0, 'close_quality': 8.571428571428573, 'rejection_wick': 7.0, 'range': 1.763288359174888, 'ema_slope': 0.6121824827053743, 'touch_freshness': -5.0, 'cleanliness': 6.0, 'structure_room': -8.0, 'mtf_alignment': -5.0}",False,NEW
GRAMUSDT,4H,SHORT,EMA_REJECTION,TRIGGERED,1787875200000,2026-08-28T00:00+00:00,21,53.78203192473247,D,1.381,1.4256598745314455,0.03646133572502421,1.387,1.431,1.343,1.299,1.255,1.372,0.3409090909090884,3.1723143475126196,15168285.64914,4,3,-0.06267017448896207,-0.9505925617436348,0.7161893186965839,1787918400000.0,2026-08-28T12:00+00:00,,,0.13636363636363635,False,EMA sweep/touch closed back on the defended side,EMA is heavily tested; less than 1.25R to nearby structure,"{'valid_setup': 45.0, 'confirmation': 4.0, 'close_quality': 10.0, 'rejection_wick': 4.666666666666666, 'range': 2.4886635131761863, 'ema_slope': 0.6267017448896207, 'touch_freshness': -5.0, 'structure_room': -8.0}",False,NEW
XPLUSDT,4H,LONG,FAILED_ACCEPTANCE,TRIGGERED,1788134400000,2026-08-31T00:00+00:00,3,53.005106596114686,D,0.08624,0.08577862267127588,0.0032371953073141086,0.08777,0.08221,0.09333,0.09888999999999999,0.10444999999999999,0.09065,0.5179856115107907,6.3347385211347795,11651047.768199,6,3,0.03991328919787393,0.5502841687368321,1.9612379862199063,1788148800000.0,2026-08-31T04:00+00:00,,,-0.27517985611510876,False,decisive body displacement through the EMA; volume expansion,EMA is heavily tested; less than 1.25R to nearby structure; 1D regime conflicts,"{'valid_setup': 45.0, 'confirmation': 4.0, 'body_displacement': 7.166697649530746, 'body_quality': 6.0, 'ema_displacement': 3.4392760546052004, 'ema_slope': 0.3991328919787393, 'touch_freshness': -5.0, 'volume_impulse': 5.0, 'structure_room': -8.0, 'mtf_alignment': -5.0}",True,NEW
ANIMEUSDT,4H,LONG,EMA_REJECTION,TRIGGERED,1787947200000,2026-08-28T20:00+00:00,16,52.54790351961143,D,0.00289,0.002597113954594651,6.80799095190479e-05,0.0026400000000000004,0.0025800000000000003,0.0027000000000000006,0.0027600000000000007,0.002820000000000001,0.0027,0.9999999999999928,2.2727272727272783,6048079.522478,3,0,0.10188848785546825,0.48305066263561725,0.3676721627186511,1787976000000.0,2026-08-29T04:00+00:00,,,4.166666666666652,True,EMA sweep/touch closed back on the defended side,weak signal-candle volume; less than 1.25R to nearby structure; DO NOT CHASE: price is already at least 0.75R beyond trigger; 1D regime conflicts,"{'valid_setup': 45.0, 'confirmation': 4.0, 'close_quality': 10.0, 'rejection_wick': 0.0, 'range': 0.5290186410567453, 'ema_slope': 1.0188848785546825, 'touch_freshness': 2.0, 'cleanliness': 6.0, 'volume_impulse': -3.0, 'structure_room': -8.0, 'mtf_alignment': -5.0}",False,NEW
0GUSDT,4H,LONG,EMA_ACCEPTANCE,TRIGGERED,1787947200000,2026-08-28T20:00+00:00,16,50.66074519520459,D,0.2317,0.1614326641090037,0.004925646445301018,0.1699,0.15860000000000002,0.18119999999999997,0.19249999999999995,0.20379999999999993,0.1778,0.6991150442477907,6.650971159505578,20833495.67453,7,5,-0.009959205728134489,0.7648409062307525,3.263151453791272,1788120000000.0,2026-08-30T20:00+00:00,,,5.469026548672577,True,decisive body displacement through the EMA; volume expansion,EMA slope opposes the setup; EMA is heavily tested; repeated EMA chop; less than 1.25R to nearby structure; DO NOT CHASE: price is already at least 0.75R beyond trigger; 1D regime conflicts,"{'valid_setup': 45.0, 'confirmation': 4.0, 'body_displacement': 8.0, 'body_quality': 6.0, 'ema_displacement': 4.780255663942203, 'ema_slope': -0.11951046873761387, 'touch_freshness': -5.0, 'cleanliness': -6.0, 'volume_impulse': 5.0, 'liquidity': 2.0, 'structure_room': -8.0, 'mtf_alignment': -5.0}",False,NEW
XPLUSDT,4H,LONG,EMA_REJECTION,TRIGGERED,1788134400000,2026-08-31T00:00+00:00,3,50.47317892977685,D,0.08624,0.08577862267127588,0.0032371953073141086,0.08777,0.08379,0.09175,0.09573,0.09971,0.09065,0.7236180904522602,4.534579013330292,11651047.768199,6,3,0.03991328919787393,0.5502841687368321,1.9612379862199063,1788148800000.0,2026-08-31T04:00+00:00,,,-0.384422110552765,False,EMA sweep/touch closed back on the defended side; volume expansion,EMA is heavily tested; less than 1.25R to nearby structure; 1D regime conflicts,"{'valid_setup': 45.0, 'confirmation': 4.0, 'close_quality': 10.0, 'rejection_wick': 1.0998877665544415, 'range': 2.97415827124367, 'ema_slope': 0.3991328919787393, 'touch_freshness': -5.0, 'volume_impulse': 5.0, 'structure_room': -8.0, 'mtf_alignment': -5.0}",True,NEW
MIRAUSDT,4H,LONG,EMA_ACCEPTANCE,TRIGGERED,1788062400000,2026-08-30T04:00+00:00,8,49.10557523957711,D,0.04516,0.04176225623671239,0.0009544718826683687,0.04533,0.04139,0.04927,0.05321,0.05715,0.04643,0.27918781725888253,8.691815574674607,5195340.941197,3,4,-0.03589545799296781,0.6157790228922019,1.5856315702919928,1788120000000.0,2026-08-30T20:00+00:00,,,-0.043147208121828304,False,decisive body displacement through the EMA; volume expansion,EMA slope opposes the setup; repeated EMA chop; less than 1.25R to nearby structure; 1D regime conflicts,"{'valid_setup': 45.0, 'confirmation': 4.0, 'body_displacement': 4.679725770631832, 'body_quality': 4.007976071784626, 'ema_displacement': 3.8486188930762615, 'ema_slope': -0.43074549591561373, 'touch_freshness': 2.0, 'cleanliness': -6.0, 'volume_impulse': 5.0, 'structure_room': -8.0, 'mtf_alignment': -5.0}",False,NEW
LAUSDT,4H,LONG,EMA_REJECTION,TRIGGERED,1788062400000,2026-08-30T04:00+00:00,8,47.38897306050162,D,0.0615,0.05500631997415047,0.0015969701158121074,0.057300000000000004,0.054700000000000006,0.0599,0.0625,0.06509999999999999,0.0581,0.30769230769230604,4.537521815008723,5392666.58956,6,4,0.009882499032246044,1.185795530611128,2.101567112679014,1788076800000.0,2026-08-30T08:00+00:00,,,1.6153846153846148,True,EMA sweep/touch closed back on the defended side; volume expansion,EMA is heavily tested; repeated EMA chop; less than 1.25R to nearby structure; DO NOT CHASE: price is already at least 0.75R beyond trigger; 1D regime conflicts,"{'valid_setup': 45.0, 'confirmation': 4.0, 'close_quality': 10.0, 'rejection_wick': 3.240740740740744, 'range': 4.049407329438412, 'ema_slope': 0.09882499032246043, 'touch_freshness': -5.0, 'cleanliness': -6.0, 'volume_impulse': 5.0, 'structure_room': -8.0, 'mtf_alignment': -5.0}",False,NEW
ANIMEUSDT,4H,LONG,EMA_REJECTION,TRIGGERED,1788019200000,2026-08-29T16:00+00:00,11,45.973442557305056,D,0.00289,0.002599208469967076,6.031663489367502e-05,0.00267,0.0025800000000000003,0.00276,0.0028499999999999997,0.0029399999999999995,0.0027,0.3333333333333349,3.370786516853925,6048079.522478,5,0,0.06587661907886974,0.6762898842886444,0.38199024017940214,1788076800000.0,2026-08-30T08:00+00:00,,,2.4444444444444513,True,EMA sweep/touch closed back on the defended side,EMA is heavily tested; weak signal-candle volume; less than 1.25R to nearby structure; DO NOT CHASE: price is already at least 0.75R beyond trigger; 1D regime conflicts,"{'valid_setup': 45.0, 'confirmation': 4.0, 'close_quality': 2.8571428571428563, 'rejection_wick': 7.0, 'range': 1.4575335093735018, 'ema_slope': 0.6587661907886974, 'touch_freshness': -5.0, 'cleanliness': 6.0, 'volume_impulse': -3.0, 'structure_room': -8.0, 'mtf_alignment': -5.0}",False,NEW
0GUSDT,4H,LONG,EMA_REJECTION,TRIGGERED,1788076800000,2026-08-30T08:00+00:00,7,45.73678010420131,D,0.2317,0.1614880625318417,0.00429002624657211,0.1665,0.16090000000000002,0.1721,0.1777,0.1833,0.1684,0.33928571428571197,3.3633633633633595,20833495.67453,6,5,0.021739050007873385,1.0051074796112736,1.3608699318613162,1788091200000.0,2026-08-30T12:00+00:00,,,11.642857142857151,True,EMA sweep/touch closed back on the defended side,EMA is heavily tested; repeated EMA chop; less than 1.25R to nearby structure; DO NOT CHASE: price is already at least 0.75R beyond trigger; 1D regime conflicts,"{'valid_setup': 45.0, 'confirmation': 4.0, 'close_quality': 10.0, 'rejection_wick': 2.857142857142814, 'range': 2.6622467469797577, 'ema_slope': 0.21739050007873384, 'touch_freshness': -5.0, 'cleanliness': -6.0, 'volume_impulse': 3.0, 'liquidity': 2.0, 'structure_room': -8.0, 'mtf_alignment': -5.0}",False,NEW
GRAMUSDT,4H,SHORT,EMA_ACCEPTANCE,TRIGGERED,1787860800000,2026-08-27T20:00+00:00,22,43.77845966766775,D,1.381,1.4260082149789977,0.0361891307807953,1.387,1.436,1.338,1.2890000000000001,1.2400000000000002,1.372,0.3061224489795903,3.5328046142754097,15168285.64914,4,3,-0.055166997624225014,-0.3041856696055108,0.5793888246787019,1787918400000.0,2026-08-28T12:00+00:00,,,0.12244897959183701,False,decisive body displacement through the EMA,EMA is heavily tested; weak signal-candle volume; less than 1.25R to nearby structure,"{'valid_setup': 45.0, 'confirmation': 4.0, 'body_displacement': 2.9474779958868806, 'body_quality': 5.378151260504174, 'ema_displacement': 1.9011604350344424, 'ema_slope': 0.5516699762422501, 'touch_freshness': -5.0, 'volume_impulse': -3.0, 'structure_room': -8.0}",False,NEW
LAUSDT,4H,LONG,FAILED_ACCEPTANCE,TRIGGERED,1788004800000,2026-08-29T12:00+00:00,12,41.63076922916725,D,0.0615,0.054975774586997865,0.0016819685574397927,0.0563,0.0536,0.059000000000000004,0.061700000000000005,0.06440000000000001,0.0581,0.666666666666665,4.795737122557727,5392666.58956,7,4,0.007736136012162056,0.5494903034388123,1.040000730357966,1788062400000.0,2026-08-30T04:00+00:00,,,1.9259259259259238,True,decisive body displacement through the EMA,EMA is heavily tested; repeated EMA chop; less than 1.25R to nearby structure; DO NOT CHASE: price is already at least 0.75R beyond trigger; 1D regime conflicts,"{'valid_setup': 45.0, 'confirmation': 4.0, 'body_displacement': 7.530858178435404, 'body_quality': 5.588235294117645, 'ema_displacement': 3.434314396492577, 'ema_slope': 0.07736136012162056, 'touch_freshness': -5.0, 'cleanliness': -6.0, 'structure_room': -8.0, 'mtf_alignment': -5.0}",False,NEW
0GUSDT,4H,LONG,EMA_REJECTION,TRIGGERED,1788062400000,2026-08-30T04:00+00:00,8,41.31487986599366,D,0.2317,0.16144472647688535,0.00424310518861612,0.1625,0.16010000000000002,0.1649,0.16729999999999998,0.16969999999999996,0.1641,0.6666666666666666,1.476923076923068,20833495.67453,7,6,0.005146368645537236,0.20156783419116653,0.5653012133658293,1788076800000.0,2026-08-30T08:00+00:00,,,28.833333333333503,True,EMA sweep/touch closed back on the defended side,EMA is heavily tested; repeated EMA chop; weak signal-candle volume; less than 1.25R to nearby structure; DO NOT CHASE: price is already at least 0.75R beyond trigger; 1D regime conflicts,"{'valid_setup': 45.0, 'confirmation': 4.0, 'close_quality': 10.0, 'rejection_wick': 7.0, 'range': 0.2634161795382845, 'ema_slope': 0.05146368645537235, 'touch_freshness': -5.0, 'cleanliness': -6.0, 'volume_impulse': -3.0, 'liquidity': 2.0, 'structure_room': -8.0, 'mtf_alignment': -5.0}",False,NEW
FETUSDT,4H,LONG,EMA_REJECTION,TRIGGERED,1788134400000,2026-08-31T00:00+00:00,3,37.89746039474074,D,0.152,0.14941620102272524,0.005173430385204131,0.1512,0.14750000000000002,0.15489999999999998,0.15859999999999996,0.16229999999999994,0.1526,0.3783783783783837,2.4470899470899345,9287621.64201,3,4,0.04252699038686211,0.0935160891810626,0.6549822796982766,1788148800000.0,2026-08-31T04:00+00:00,,,0.216216216216216,False,EMA sweep/touch closed back on the defended side,repeated EMA chop; weak signal-candle volume; less than 1.25R to nearby structure; 1D regime conflicts,"{'valid_setup': 45.0, 'confirmation': 4.0, 'close_quality': 4.489795918367302, 'rejection_wick': 3.111111111111012, 'range': 0.8712834613938071, 'ema_slope': 0.4252699038686211, 'touch_freshness': 2.0, 'cleanliness': -6.0, 'volume_impulse': -3.0, 'structure_room': -8.0, 'mtf_alignment': -5.0}",True,NEW
PEPEUSDT,1D,LONG,EMA_REJECTION,INVALIDATED,1787702400000,2026-08-26T00:00+00:00,4,76.94703900337653,B,3.6e-06,3.6002299312673953e-06,3.015685518250371e-07,3.89e-06,3.5600000000000002e-06,4.22e-06,4.55e-06,4.879999999999999e-06,4.56e-06,2.0303030303030325,8.483290488431871,36358194.16646404,2,1,-0.021297709623140076,0.8282364564243946,3.132076378084438,1787788800000.0,2026-08-27T00:00+00:00,1788048000000.0,2026-08-30T00:00+00:00,-0.8787878787878799,False,EMA sweep/touch closed back on the defended side; second EMA test episode; volume expansion; 4H regime aligns,EMA slope opposes the setup,"{'valid_setup': 45.0, 'close_quality': 10.0, 'rejection_wick': 7.0, 'range': 1.202611518854215, 'ema_slope': -0.2555725154776809, 'touch_freshness': 5.0, 'cleanliness': 6.0, 'volume_impulse': 5.0, 'liquidity': 2.0, 'structure_room': 3.0, 'mtf_alignment': 5.0}",False,NEW
XRPUSDT,1D,LONG,EMA_REJECTION,INVALIDATED,1787702400000,2026-08-26T00:00+00:00,4,74.52282497510824,B,1.3886,1.35547723334671,0.08770994157582959,1.4514,1.3466,1.5562,1.661,1.7658,1.6999,2.3711832061068696,7.220614579027146,165835431.7586,2,1,-0.04235844141813921,0.7687015341926745,3.255080000173853,1787788800000.0,2026-08-27T00:00+00:00,1788048000000.0,2026-08-30T00:00+00:00,-0.5992366412213737,False,EMA sweep/touch closed back on the defended side; second EMA test episode; volume expansion; 4H regime aligns,EMA slope opposes the setup,"{'valid_setup': 45.0, 'close_quality': 5.644302449414287, 'rejection_wick': 7.0, 'range': 2.3868238227116128, 'ema_slope': -0.5083012970176705, 'touch_freshness': 5.0, 'cleanliness': 6.0, 'volume_impulse': 5.0, 'liquidity': 3.0, 'structure_room': 3.0, 'mtf_alignment': 5.0}",False,NEW
ZKUSDT,4H,SHORT,EMA_REJECTION,INVALIDATED,1787918400000,2026-08-28T12:00+00:00,18,68.94225554574591,B,0.00904,0.008501069055131387,0.00022477187145297507,0.008230000000000001,0.00854,0.007920000000000002,0.007610000000000002,0.007300000000000003,0.00751,2.322580645161297,3.766707168894283,9453337.53354,3,1,0.021213580250320448,-0.8945472306282471,2.1503940939794095,1787932800000.0,2026-08-28T16:00+00:00,1788048000000.0,2026-08-30T00:00+00:00,-2.61290322580645,False,EMA sweep/touch closed back on the defended side; volume expansion; 1D regime aligns,EMA slope opposes the setup,"{'valid_setup': 45.0, 'close_quality': 7.692307692307767, 'rejection_wick': 4.786324786324802, 'range': 2.7181860301171885, 'ema_slope': -0.2545629630038454, 'touch_freshness': 2.0, 'cleanliness': 6.0, 'volume_impulse': 5.0, 'structure_room': 3.0, 'mtf_alignment': 5.0}",False,NEW
ZENUSDT,1D,SHORT,EMA_REJECTION,INVALIDATED,1787616000000,2026-08-25T00:00+00:00,5,64.51640239414527,C,5.813,5.456500163044382,0.397125076152169,5.049,5.5840000000000005,4.514,3.979,3.444,4.21,1.568224299065421,10.596157654981187,8630173.5996,1,2,-0.1860971607434696,-0.837268112772047,1.7337341877071293,1787702400000.0,2026-08-26T00:00+00:00,1788048000000.0,2026-08-30T00:00+00:00,-1.4280373831775686,False,EMA sweep/touch closed back on the defended side; EMA slope supports direction; first EMA test episode; volume expansion,4H regime conflicts,"{'valid_setup': 45.0, 'close_quality': 10.0, 'rejection_wick': 5.224098394830106, 'range': 3.431332391880479, 'ema_slope': 1.860971607434696, 'touch_freshness': 8.0, 'cleanliness': 3.0, 'volume_impulse': 5.0, 'mtf_alignment': -5.0}",False,NEW
FETUSDT,4H,SHORT,EMA_ACCEPTANCE,INVALIDATED,1787961600000,2026-08-29T00:00+00:00,15,64.11998178068961,C,0.152,0.14924868807274178,0.005811723506277253,0.14650000000000002,0.1516,0.14140000000000003,0.13630000000000003,0.13120000000000004,0.1227,4.666666666666676,3.481228668941975,9287621.64201,1,1,0.17000921033060404,-0.3008897568600815,0.9928852363313252,1787990400000.0,2026-08-29T08:00+00:00,1788004800000.0,2026-08-29T12:00+00:00,-1.0784313725490164,False,decisive body displacement through the EMA; first EMA test episode; 1D regime aligns,EMA slope opposes the setup,"{'valid_setup': 45.0, 'body_displacement': 2.8677666183989974, 'body_quality': 4.411764705882353, 'ema_displacement': 1.8805609803755095, 'ema_slope': -2.0401105239672486, 'touch_freshness': 8.0, 'cleanliness': 6.0, 'structure_room': 5.0, 'mtf_alignment': 5.0}",False,NEW
ONGUSDT,1D,SHORT,EMA_REJECTION,INVALIDATED,1786924800000,2026-08-17T00:00+00:00,13,62.61438326563389,C,0.09158,0.06289271067277799,0.003967087743985317,0.05195,0.06461,0.039290000000000005,0.026630000000000008,0.01397000000000001,0.04583,0.4834123222748816,24.369586140519726,8602539.88887,1,0,-0.45393380576772885,-1.9517366825367224,94.51600473918684,,,1787184000000.0,2026-08-20T00:00+00:00,-3.1303317535545023,False,EMA sweep/touch closed back on the defended side; EMA slope supports direction; first EMA test episode; volume expansion,less than 1.25R to nearby structure; 4H regime conflicts,"{'valid_setup': 45.0, 'close_quality': 7.075045207956608, 'rejection_wick': 7.0, 'range': 5.0, 'ema_slope': 4.539338057677289, 'touch_freshness': 8.0, 'cleanliness': 6.0, 'volume_impulse': 5.0, 'structure_room': -8.0, 'mtf_alignment': -5.0}",False,
ZKUSDT,4H,SHORT,EMA_ACCEPTANCE,INVALIDATED,1787889600000,2026-08-28T04:00+00:00,20,62.23849127537899,C,0.00904,0.008504025426033766,0.00022837447813481136,0.00837,0.00855,0.008190000000000001,0.008010000000000001,0.007830000000000002,0.00751,4.777777777777791,2.150537634408597,9453337.53354,3,1,0.047006566632251355,-0.3679282672916033,0.9694876722192747,1787918400000.0,2026-08-28T12:00+00:00,1788048000000.0,2026-08-30T00:00+00:00,-3.722222222222223,False,decisive body displacement through the EMA; 1D regime aligns,EMA slope opposes the setup,"{'valid_setup': 45.0, 'body_displacement': 3.503018404393487, 'body_quality': 6.0, 'ema_displacement': 2.2995516705725203, 'ema_slope': -0.5640787995870162, 'touch_freshness': 2.0, 'cleanliness': 6.0, 'structure_room': 5.0, 'mtf_alignment': 5.0}",False,NEW
XLMUSDT,1D,LONG,EMA_REJECTION,INVALIDATED,1787443200000,2026-08-23T00:00+00:00,7,61.900957269799434,C,0.1789,0.19060987663867698,0.011053963074171277,0.20220000000000002,0.18760000000000002,0.21680000000000002,0.23140000000000002,0.24600000000000002,0.2078,0.383561643835616,7.220573689416419,14337439.3622,1,1,-0.15853903666963187,0.8223406664495754,4.235632372071309,,,1787616000000.0,2026-08-25T00:00+00:00,-1.595890410958905,False,EMA sweep/touch closed back on the defended side; first EMA test episode; volume expansion,EMA slope opposes the setup; less than 1.25R to nearby structure,"{'valid_setup': 45.0, 'close_quality': 9.523809523809497, 'rejection_wick': 7.0, 'range': 3.279616186025514, 'ema_slope': -1.9024684400355825, 'touch_freshness': 8.0, 'cleanliness': 6.0, 'volume_impulse': 5.0, 'structure_room': -8.0}",False,
TRUMPUSDT,1D,SHORT,EMA_REJECTION,INVALIDATED,1787529600000,2026-08-24T00:00+00:00,6,60.9652733329105,C,2.445,2.58707198752858,0.27455507886254304,2.339,2.637,2.041,1.7429999999999999,1.4449999999999998,1.779,1.8791946308724832,12.740487387772554,34252666.521657,1,2,-0.28454840066275394,-0.7032176870610438,15.826548744167546,1787616000000.0,2026-08-25T00:00+00:00,1787788800000.0,2026-08-27T00:00+00:00,-0.3557046979865767,False,EMA sweep/touch closed back on the defended side; EMA slope supports direction; first EMA test episode; volume expansion,4H regime conflicts,"{'valid_setup': 45.0, 'close_quality': 9.073359073359054, 'rejection_wick': 0.6306306306306307, 'range': 2.4157996222932696, 'ema_slope': 2.8454840066275393, 'touch_freshness': 8.0, 'cleanliness': 3.0, 'volume_impulse': 5.0, 'liquidity': 2.0, 'mtf_alignment': -5.0}",False,TRIGGERED→INVALIDATED
FETUSDT,4H,LONG,EMA_ACCEPTANCE,INVALIDATED,1788004800000,2026-08-29T12:00+00:00,12,60.36577749073456,C,0.152,0.14922110412484998,0.005482345679041953,0.1527,0.1457,0.1597,0.16670000000000001,0.17370000000000002,0.1693,2.3714285714285697,4.584151931892603,9287621.64201,2,2,0.0830129847202975,0.4521597178059022,1.6315748351470003,1788062400000.0,2026-08-30T04:00+00:00,1788120000000.0,2026-08-30T20:00+00:00,-0.1000000000000008,False,decisive body displacement through the EMA; second EMA test episode; volume expansion,1D regime conflicts,"{'valid_setup': 45.0, 'body_displacement': 6.809737203557244, 'body_quality': 5.899912203687453, 'ema_displacement': 2.8259982362868885, 'ema_slope': 0.830129847202975, 'touch_freshness': 5.0, 'cleanliness': 3.0, 'volume_impulse': 5.0, 'structure_room': 3.0, 'mtf_alignment': -5.0}",False,NEW
TAOUSDT,1D,LONG,FAILED_ACCEPTANCE,INVALIDATED,1787788800000,2026-08-27T00:00+00:00,3,60.14637148476214,C,229.4,234.29779242967075,14.991390988372125,261.40000000000003,224.10000000000002,298.70000000000005,336.00000000000006,373.30000000000007,291.6,0.8096514745308305,14.269319051262435,18521426.54079,1,3,-0.054881839634115,1.3209052839518738,4.323049006189039,,,1788048000000.0,2026-08-30T00:00+00:00,-0.8579088471849871,False,decisive body displacement through the EMA; first EMA test episode; volume expansion; 4H regime aligns,EMA slope opposes the setup; less than 1.25R to nearby structure,"{'valid_setup': 45.0, 'body_displacement': 8.0, 'body_quality': 4.804953560371519, 'ema_displacement': 5.0, 'ema_slope': -0.65858207560938, 'touch_freshness': 8.0, 'volume_impulse': 5.0, 'structure_room': -8.0, 'mtf_alignment': 5.0}",False,NEW
ZKPUSDT,4H,SHORT,EMA_REJECTION,INVALIDATED,1787961600000,2026-08-29T00:00+00:00,15,59.61256271009667,C,0.0468,0.043244864071136896,0.0013948064826434208,0.0427,0.0439,0.0415,0.0403,0.0391,0.0415,1.0,2.810304449648711,5738863.50983,3,0,-0.05858498858179008,-0.24724868677360384,1.170867142199495,,,1787976000000.0,2026-08-29T04:00+00:00,-3.416666666666667,False,EMA sweep/touch closed back on the defended side; 1D regime aligns,less than 1.25R to nearby structure,"{'valid_setup': 45.0, 'close_quality': 10.0, 'rejection_wick': 7.0, 'range': 1.0267128242787669, 'ema_slope': 0.5858498858179008, 'touch_freshness': 2.0, 'cleanliness': 6.0, 'volume_impulse': 3.0, 'structure_room': -8.0, 'mtf_alignment': 5.0}",False,NEW
XLMUSDT,1D,LONG,EMA_ACCEPTANCE,INVALIDATED,1787270400000,2026-08-21T00:00+00:00,9,59.58240151687812,C,0.1789,0.19046744845027117,0.008980927588979705,0.2227,0.1812,0.2642,0.3057,0.34720000000000006,0.2344,0.28192771084337315,18.634934889986532,14337439.3622,1,1,-0.2847998735934899,1.2618464448633082,5.563789195957132,,,1787702400000.0,2026-08-26T00:00+00:00,-1.0554216867469879,False,decisive body displacement through the EMA; first EMA test episode; volume expansion,EMA slope opposes the setup; less than 1.25R to nearby structure,"{'valid_setup': 45.0, 'body_displacement': 8.0, 'body_quality': 6.0, 'ema_displacement': 5.0, 'ema_slope': -3.417598483121879, 'touch_freshness': 8.0, 'cleanliness': 6.0, 'volume_impulse': 5.0, 'structure_room': -8.0}",False,CONFIRMED→INVALIDATED
XLMUSDT,4H,LONG,EMA_REJECTION,INVALIDATED,1787947200000,2026-08-28T20:00+00:00,16,59.4523131882074,C,0.1789,0.17738935077318485,0.004773046932132506,0.1797,0.1767,0.1827,0.1857,0.1887,0.1857,2.0,1.6694490818030068,14337439.3622,1,0,0.13712677228013634,0.4422016495597592,0.6074064636521619,1787961600000.0,2026-08-29T00:00+00:00,1788120000000.0,2026-08-30T20:00+00:00,-0.26666666666666483,False,EMA sweep/touch closed back on the defended side; EMA slope supports direction; first EMA test episode,weak signal-candle volume; 1D regime conflicts,"{'valid_setup': 45.0, 'close_quality': 10.0, 'rejection_wick': 5.555555555555567, 'range': 0.5254899098504635, 'ema_slope': 1.3712677228013632, 'touch_freshness': 8.0, 'cleanliness': 6.0, 'volume_impulse': -3.0, 'structure_room': 3.0, 'mtf_alignment': -5.0}",False,NEW
USD1USDT,4H,SHORT,EMA_REJECTION,INVALIDATED,1788148800000,2026-08-31T04:00+00:00,2,58.308306351545426,C,0.99984,0.9999144307836046,0.00021911395736470964,0.9997100000000001,0.9999500000000001,0.9994700000000001,0.9992300000000001,0.99899,0.99965,0.2500000000002313,0.0240069620189873,252493282.34421,8,0,-0.07039652152806351,-0.8873500617807207,1.7868210146626293,1788163200000.0,2026-08-31T08:00+00:00,1788177600000.0,2026-08-31T12:00+00:00,-0.5416666666660114,False,EMA sweep/touch closed back on the defended side; volume expansion; 1D regime aligns,EMA is heavily tested; less than 1.25R to nearby structure,"{'valid_setup': 45.0, 'close_quality': 10.0, 'rejection_wick': 7.0, 'range': 1.6043411362647921, 'ema_slope': 0.703965215280635, 'touch_freshness': -5.0, 'cleanliness': 6.0, 'volume_impulse': 5.0, 'liquidity': 3.0, 'structure_room': -8.0, 'mtf_alignment': 5.0}",True,NEW
SUIUSDT,4H,LONG,EMA_REJECTION,INVALIDATED,1787774400000,2026-08-26T20:00+00:00,28,57.536136800222934,C,0.7302,0.7286759280831973,0.02900701405339627,0.7687,0.7256,0.8118000000000001,0.8549000000000001,0.8980000000000001,0.8349,1.5359628770301597,5.60686873943021,61336770.12212,1,0,0.12744025003940884,1.3384373808808843,0.6635357970805064,1787817600000.0,2026-08-27T08:00+00:00,1788120000000.0,2026-08-30T20:00+00:00,-0.8932714617169388,False,EMA sweep/touch closed back on the defended side; EMA slope supports direction; first EMA test episode,weak signal-candle volume; 1D regime conflicts,"{'valid_setup': 45.0, 'close_quality': 10.0, 'rejection_wick': 2.272159800249683, 'range': 2.9895744995791618, 'ema_slope': 1.2744025003940884, 'touch_freshness': 8.0, 'cleanliness': 6.0, 'volume_impulse': -3.0, 'liquidity': 2.0, 'mtf_alignment': -5.0}",False,NEW
TRXUSDT,4H,LONG,EMA_REJECTION,INVALIDATED,1787803200000,2026-08-27T04:00+00:00,26,57.319826189653256,C,0.3337,0.3338983764331114,0.0019200185962218055,0.3352,0.3336,0.3368,0.3384,0.33999999999999997,0.3364,0.7499999999999913,0.4773269689737441,42260368.77524,2,0,0.11905254649436053,0.6258395461654255,0.5817438019697996,1787817600000.0,2026-08-27T08:00+00:00,1788177600000.0,2026-08-31T12:00+00:00,-0.9375000000000066,False,EMA sweep/touch closed back on the defended side; second EMA test episode; 1D regime aligns,weak signal-candle volume; less than 1.25R to nearby structure,"{'valid_setup': 45.0, 'close_quality': 10.0, 'rejection_wick': 5.656565656565086, 'range': 0.4727350681445711, 'ema_slope': 1.1905254649436052, 'touch_freshness': 5.0, 'cleanliness': 6.0, 'volume_impulse': -3.0, 'liquidity': 2.0, 'structure_room': -8.0, 'mtf_alignment': 5.0}",False,NEW
XPLUSDT,4H,LONG,EMA_REJECTION,INVALIDATED,1787774400000,2026-08-26T20:00+00:00,28,57.184007782720144,C,0.08624,0.08561006212746215,0.004642068614905658,0.08821000000000001,0.08421000000000001,0.09221000000000001,0.09621000000000002,0.10021000000000002,0.10047,3.0649999999999955,4.534633261534977,11651047.768199,1,2,0.09432503578605904,0.4609879883434969,0.3614831324981714,1787817600000.0,2026-08-27T08:00+00:00,1787918400000.0,2026-08-28T12:00+00:00,-0.49250000000000294,False,EMA sweep/touch closed back on the defended side; first EMA test episode,weak signal-candle volume; 1D regime conflicts,"{'valid_setup': 45.0, 'close_quality': 10.0, 'rejection_wick': 3.673925181462858, 'range': 1.5668322433967, 'ema_slope': 0.9432503578605903, 'touch_freshness': 8.0, 'cleanliness': 3.0, 'volume_impulse': -3.0, 'structure_room': 5.0, 'mtf_alignment': -5.0}",False,NEW
ZKCUSDT,4H,SHORT,EMA_REJECTION,INVALIDATED,1787918400000,2026-08-28T12:00+00:00,18,56.94509709703343,C,0.0546,0.03986594655515911,0.0008755531285145193,0.0391,0.0403,0.0379,0.0367,0.035500000000000004,0.0386,0.41666666666666713,3.0690537084398968,12004028.67983,2,3,0.042550995774333376,-0.5321739366629288,1.7528836561349366,1787932800000.0,2026-08-28T16:00+00:00,1788004800000.0,2026-08-29T12:00+00:00,-12.91666666666667,False,EMA sweep/touch closed back on the defended side; second EMA test episode; volume expansion; 1D regime aligns,EMA slope opposes the setup; less than 1.25R to nearby structure,"{'valid_setup': 45.0, 'close_quality': 8.57142857142861, 'rejection_wick': 6.222222222222179, 'range': 2.6620582526746466, 'ema_slope': -0.5106119492920005, 'touch_freshness': 5.0, 'volume_impulse': 5.0, 'structure_room': -8.0, 'mtf_alignment': 5.0}",False,NEW
TAOUSDT,1D,LONG,EMA_REJECTION,INVALIDATED,1787702400000,2026-08-26T00:00+00:00,4,56.835094109745214,C,229.4,234.0987752681599,13.952267218246902,237.8,224.60000000000002,251.0,264.2,277.4,242.2,0.33333333333333187,5.550883095037841,18521426.54079,1,3,-0.10119706799494474,0.043091543649178665,1.7581793859289023,1787788800000.0,2026-08-27T00:00+00:00,1788048000000.0,2026-08-30T00:00+00:00,-0.6363636363636374,False,EMA sweep/touch closed back on the defended side; first EMA test episode; volume expansion; 4H regime aligns,EMA slope opposes the setup; less than 1.25R to nearby structure,"{'valid_setup': 45.0, 'close_quality': 7.692307692307693, 'rejection_wick': 5.504273504273531, 'range': 1.8528777291033225, 'ema_slope': -1.2143648159393368, 'touch_freshness': 8.0, 'volume_impulse': 5.0, 'structure_room': -8.0, 'mtf_alignment': 5.0}",False,NEW
WLFIUSDT,4H,SHORT,EMA_ACCEPTANCE,INVALIDATED,1788120000000,2026-08-30T20:00+00:00,4,56.66762900157665,C,0.0581,0.05751630272462751,0.0013263706992464176,0.0548,0.0582,0.0514,0.048,0.0446,,,6.204379562043796,5807107.86891,3,4,-0.00352760604001871,-1.2939841973308295,3.013113770816301,,,1788163200000.0,2026-08-31T08:00+00:00,-0.9705882352941168,False,decisive body displacement through the EMA; volume expansion; 1D regime aligns,repeated EMA chop,"{'valid_setup': 45.0, 'body_displacement': 8.0, 'body_quality': 4.632352941176464, 'ema_displacement': 5.0, 'ema_slope': 0.0352760604001871, 'touch_freshness': 2.0, 'cleanliness': -6.0, 'volume_impulse': 5.0, 'mtf_alignment': 5.0}",True,NEW
TRUMPUSDT,1D,SHORT,EMA_ACCEPTANCE,INVALIDATED,1787529600000,2026-08-24T00:00+00:00,6,56.310284397106884,C,2.445,2.58707198752858,0.27455507886254304,2.15,2.637,1.6629999999999998,1.1759999999999997,0.6889999999999996,1.779,0.761806981519507,22.65116279069768,34252666.521657,1,2,-0.28454840066275394,-0.7032176870610438,15.826548744167546,1787702400000.0,2026-08-26T00:00+00:00,1787788800000.0,2026-08-27T00:00+00:00,-0.6057494866529771,False,decisive body displacement through the EMA; EMA slope supports direction; first EMA test episode; volume expansion,less than 1.25R to nearby structure; 4H regime conflicts,"{'valid_setup': 45.0, 'body_displacement': 5.58479318498057, 'body_quality': 5.4848966613672445, 'ema_displacement': 4.395110544131524, 'ema_slope': 2.8454840066275393, 'touch_freshness': 8.0, 'cleanliness': 3.0, 'volume_impulse': 5.0, 'liquidity': 2.0, 'structure_room': -8.0, 'mtf_alignment': -5.0}",False,TRIGGERED→INVALIDATED
BMTUSDT,1D,SHORT,EMA_REJECTION,INVALIDATED,1786752000000,2026-08-15T00:00+00:00,15,56.09106768951514,C,0.02034,0.017644008833310736,0.004304597284138924,0.014830000000000001,0.020390000000000002,0.00927,0.0037099999999999998,-0.0018499999999999992,0.01266,0.39028776978417296,37.49157113958193,106076522.304656,2,2,0.010679012841069034,-0.6211983739253867,26.84772073620997,1786838400000.0,2026-08-16T00:00+00:00,1787616000000.0,2026-08-25T00:00+00:00,-0.991007194244604,False,EMA sweep/touch closed back on the defended side; second EMA test episode; volume expansion,EMA slope opposes the setup; less than 1.25R to nearby structure; 4H regime conflicts,"{'valid_setup': 45.0, 'close_quality': 10.0, 'rejection_wick': 7.0, 'range': 3.2192158436079685, 'ema_slope': -0.1281481540928284, 'touch_freshness': 5.0, 'cleanliness': 3.0, 'volume_impulse': 5.0, 'liquidity': 3.0, 'structure_room': -8.0, 'mtf_alignment': -5.0}",False,GRADE D→C
TAOUSDT,1D,LONG,EMA_REJECTION,INVALIDATED,1787788800000,2026-08-27T00:00+00:00,3,55.44612413435996,C,229.4,234.29779242967075,14.991390988372125,261.40000000000003,232.60000000000002,290.20000000000005,319.00000000000006,347.80000000000007,291.6,1.0486111111111103,11.017597551644991,18521426.54079,1,3,-0.054881839634115,1.3209052839518738,4.323049006189039,,,1787875200000.0,2026-08-28T00:00+00:00,-1.1111111111111116,False,EMA sweep/touch closed back on the defended side; first EMA test episode; volume expansion; 4H regime aligns,EMA slope opposes the setup; less than 1.25R to nearby structure,"{'valid_setup': 45.0, 'close_quality': 7.067669172932315, 'rejection_wick': 1.0370370370370248, 'range': 5.0, 'ema_slope': -0.65858207560938, 'touch_freshness': 8.0, 'volume_impulse': 5.0, 'structure_room': -8.0, 'mtf_alignment': 5.0}",False,NEW
ONDOUSDT,4H,SHORT,EMA_ACCEPTANCE,INVALIDATED,1787932800000,2026-08-28T16:00+00:00,17,55.04425521996948,C,0.3484,0.3596138732541046,0.011573992530428328,0.35000000000000003,0.3619,0.33810000000000007,0.3262000000000001,0.31430000000000013,0.3466,0.2857142857142877,3.3999999999999897,8897155.73471,3,1,0.08998101658967536,-0.5714426751802866,1.5989733677089317,1787976000000.0,2026-08-29T04:00+00:00,1788091200000.0,2026-08-30T12:00+00:00,0.13445378151260928,False,decisive body displacement through the EMA; volume expansion; 1D regime aligns,EMA slope opposes the setup; less than 1.25R to nearby structure,"{'valid_setup': 45.0, 'body_displacement': 4.66563287111449, 'body_quality': 4.886877828054301, 'ema_displacement': 3.571516719876791, 'ema_slope': -1.0797721990761042, 'touch_freshness': 2.0, 'cleanliness': 6.0, 'volume_impulse': 5.0, 'structure_room': -8.0, 'mtf_alignment': 5.0}",False,NEW
ZKUSDT,4H,LONG,EMA_REJECTION,INVALIDATED,1787803200000,2026-08-27T04:00+00:00,26,54.68762958642209,D,0.00904,0.008497958207103092,0.00024078415876768156,0.008610000000000001,0.00843,0.008790000000000003,0.008970000000000004,0.009150000000000005,0.00913,2.8888888888888555,2.0905923344947888,9453337.53354,3,0,0.08626467339391776,0.3407275350537765,0.46378733166393665,1787817600000.0,2026-08-27T08:00+00:00,1787889600000.0,2026-08-28T04:00+00:00,2.3888888888888604,False,EMA sweep/touch closed back on the defended side,weak signal-candle volume; 1D regime conflicts,"{'valid_setup': 45.0, 'close_quality': 10.0, 'rejection_wick': 7.0, 'range': 0.8249828524829128, 'ema_slope': 0.8626467339391776, 'touch_freshness': 2.0, 'cleanliness': 6.0, 'volume_impulse': -3.0, 'structure_room': 3.0, 'mtf_alignment': -5.0}",False,NEW
SNDKBUSDT,4H,LONG,EMA_ACCEPTANCE,INVALIDATED,1787774400000,2026-08-26T20:00+00:00,28,54.392632906551114,D,1492.4,1504.6685213775208,41.114598894451845,1566.01,1480.76,1651.26,1736.51,1821.76,1602.41,0.42697947214076354,5.443771112572716,33373542.382307,2,3,-0.012024571078087715,1.1816113966524653,4.2993002597614325,1787817600000.0,2026-08-27T08:00+00:00,1787832000000.0,2026-08-27T12:00+00:00,-0.8634604105571836,False,decisive body displacement through the EMA; second EMA test episode; volume expansion,EMA slope opposes the setup; less than 1.25R to nearby structure,"{'valid_setup': 45.0, 'body_displacement': 8.0, 'body_quality': 4.536927759488164, 'ema_displacement': 5.0, 'ema_slope': -0.14429485293705258, 'touch_freshness': 5.0, 'volume_impulse': 5.0, 'liquidity': 2.0, 'structure_room': -8.0}",False,NEW
ZKUSDT,4H,LONG,EMA_REJECTION,INVALIDATED,1787774400000,2026-08-26T20:00+00:00,28,54.224862601575325,D,0.00904,0.008496300838998305,0.0002521520421210981,0.008740000000000001,0.00846,0.009020000000000002,0.009300000000000003,0.009580000000000003,0.00913,1.392857142857132,3.203661327231129,9453337.53354,2,0,0.10367419834754216,0.8475012107935459,0.47989115803804444,,,1787803200000.0,2026-08-27T04:00+00:00,1.071428571428562,False,EMA sweep/touch closed back on the defended side; second EMA test episode,weak signal-candle volume; 1D regime conflicts,"{'valid_setup': 45.0, 'close_quality': 10.0, 'rejection_wick': 5.410628019323703, 'range': 1.7774925987762067, 'ema_slope': 1.0367419834754215, 'touch_freshness': 5.0, 'cleanliness': 6.0, 'volume_impulse': -3.0, 'mtf_alignment': -5.0}",False,NEW
XPLUSDT,4H,LONG,EMA_ACCEPTANCE,INVALIDATED,1787774400000,2026-08-26T20:00+00:00,28,53.13758738530862,D,0.08624,0.08561006212746215,0.004642068614905658,0.08821000000000001,0.08421000000000001,0.09221000000000001,0.09621000000000002,0.10021000000000002,0.10047,3.0649999999999955,4.534633261534977,11651047.768199,1,2,0.09432503578605904,0.4609879883434969,0.3614831324981714,1787817600000.0,2026-08-27T08:00+00:00,1787918400000.0,2026-08-28T12:00+00:00,-0.49250000000000294,False,decisive body displacement through the EMA; first EMA test episode,weak signal-candle volume; 1D regime conflicts,"{'valid_setup': 45.0, 'body_displacement': 3.7196060849302093, 'body_quality': 4.593556015370967, 'ema_displacement': 2.881174927146856, 'ema_slope': 0.9432503578605903, 'touch_freshness': 8.0, 'cleanliness': 3.0, 'volume_impulse': -3.0, 'structure_room': 5.0, 'mtf_alignment': -5.0}",False,NEW
EURIUSDT,1D,LONG,EMA_REJECTION,INVALIDATED,1787097600000,2026-08-19T00:00+00:00,11,53.106184243306686,D,1.1614,1.1570076281043336,0.004533087031552571,1.1688,1.1564,1.1812,1.1936,1.206,,,1.0609171800136863,6293440.40769,5,1,0.01425657575644197,2.4469796892179354,1.2994239060797992,1787184000000.0,2026-08-20T00:00+00:00,1788048000000.0,2026-08-30T00:00+00:00,-0.5967741935483946,False,EMA sweep/touch closed back on the defended side,EMA is heavily tested,"{'valid_setup': 45.0, 'close_quality': 10.0, 'rejection_wick': 0.9636184857422659, 'range': 5.0, 'ema_slope': 0.1425657575644197, 'touch_freshness': -5.0, 'cleanliness': 6.0, 'volume_impulse': 3.0}",False,TRIGGERED→INVALIDATED
USD1USDT,1D,SHORT,EMA_ACCEPTANCE,INVALIDATED,1787616000000,2026-08-25T00:00+00:00,5,52.828332084811144,D,0.99984,0.9999280259211881,0.00044296390912276415,0.9994500000000001,1.00007,0.9988300000000001,0.9982100000000002,0.9975900000000002,0.99926,0.3064516129032865,0.062034118765316316,252493282.34421,2,5,-0.006487000368600891,-0.7631003660265784,1.657329151601581,,,1787788800000.0,2026-08-27T00:00+00:00,-0.6290322580643861,False,decisive body displacement through the EMA; second EMA test episode; volume expansion; 4H regime aligns,repeated EMA chop; less than 1.25R to nearby structure,"{'valid_setup': 45.0, 'body_displacement': 6.170555381693531, 'body_quality': 4.82352941176549, 'ema_displacement': 4.7693772876661145, 'ema_slope': 0.0648700036860089, 'touch_freshness': 5.0, 'cleanliness': -6.0, 'volume_impulse': 5.0, 'liquidity': 3.0, 'structure_room': -8.0, 'mtf_alignment': 5.0}",False,FORMING→INVALIDATED
USD1USDT,1D,SHORT,EMA_REJECTION,INVALIDATED,1787270400000,2026-08-21T00:00+00:00,9,52.757880713190524,D,0.99984,0.9999294361860481,0.0004263387673001809,0.9997100000000001,1.0002,0.9992200000000002,0.9987300000000003,0.9982400000000005,0.99958,0.26530612244919693,0.04901421412208334,252493282.34421,3,3,0.007904373038528813,-0.0690441224346587,5.511621979697533,1787356800000.0,2026-08-22T00:00+00:00,1787443200000.0,2026-08-23T00:00+00:00,-0.26530612244874374,False,EMA sweep/touch closed back on the defended side; volume expansion; 4H regime aligns,EMA slope opposes the setup; less than 1.25R to nearby structure,"{'valid_setup': 45.0, 'close_quality': 3.3434650455919854, 'rejection_wick': 7.0, 'range': 2.5092681440608855, 'ema_slope': -0.09485247646234576, 'touch_freshness': 2.0, 'volume_impulse': 5.0, 'liquidity': 3.0, 'structure_room': -8.0, 'mtf_alignment': 5.0}",False,GRADE C→D
EURIUSDT,4H,SHORT,EMA_REJECTION,INVALIDATED,1788091200000,2026-08-30T12:00+00:00,6,51.6359746753991,D,1.1614,1.1585967233203296,0.0016801826454943141,1.1561000000000001,1.1589,1.1533000000000002,1.1505000000000003,1.1477000000000004,,,0.24219358187007298,6293440.40769,2,1,-0.06959514365804821,-0.9503272305611766,1.074470051993671,,,1788134400000.0,2026-08-31T00:00+00:00,-1.8928571428571515,False,EMA sweep/touch closed back on the defended side; second EMA test episode,1D regime conflicts,"{'valid_setup': 45.0, 'close_quality': 4.347826086955685, 'rejection_wick': 4.0579710144934715, 'range': 3.534226137369463, 'ema_slope': 0.6959514365804821, 'touch_freshness': 5.0, 'cleanliness': 6.0, 'mtf_alignment': -5.0}",True,NEW
ZKPUSDT,4H,SHORT,EMA_REJECTION,INVALIDATED,1787904000000,2026-08-28T08:00+00:00,19,50.414387452359534,D,0.0468,0.043269963030090466,0.0013831513545474467,0.0419,0.0436,0.0402,0.0385,0.0368,0.0402,1.0,4.05727923627685,5738863.50983,2,0,-0.09777750883256392,-0.7012703468072959,0.5931849210457248,1787918400000.0,2026-08-28T12:00+00:00,1787932800000.0,2026-08-28T16:00+00:00,-2.8823529411764715,False,EMA sweep/touch closed back on the defended side; second EMA test episode; 1D regime aligns,weak signal-candle volume; less than 1.25R to nearby structure,"{'valid_setup': 45.0, 'close_quality': 8.16326530612255, 'rejection_wick': 1.111111111111144, 'range': 2.162235946800198, 'ema_slope': 0.9777750883256392, 'touch_freshness': 5.0, 'cleanliness': 6.0, 'volume_impulse': -3.0, 'structure_room': -8.0, 'mtf_alignment': 5.0}",False,NEW
USD1USDT,4H,SHORT,EMA_REJECTION,INVALIDATED,1787976000000,2026-08-29T04:00+00:00,14,49.99643889651016,D,0.99984,0.9999333864769603,0.0002540378380828903,0.9997,0.99999,0.99941,0.99912,0.99883,0.9996,0.34482758620684373,0.02900870261078448,252493282.34421,6,0,-0.06446768368902636,-0.6825222504992651,0.545109601467801,1788004800000.0,2026-08-29T12:00+00:00,1788177600000.0,2026-08-31T12:00+00:00,-0.48275862068935155,False,EMA sweep/touch closed back on the defended side; 1D regime aligns,EMA is heavily tested; weak signal-candle volume; less than 1.25R to nearby structure,"{'valid_setup': 45.0, 'close_quality': 8.994708994709429, 'rejection_wick': 7.0, 'range': 2.357053064910473, 'ema_slope': 0.6446768368902636, 'touch_freshness': -5.0, 'cleanliness': 6.0, 'volume_impulse': -3.0, 'liquidity': 3.0, 'structure_room': -8.0, 'mtf_alignment': 5.0}",False,NEW
BMTUSDT,1D,SHORT,EMA_REJECTION,INVALIDATED,1786665600000,2026-08-14T00:00+00:00,16,49.45586491419125,D,0.02034,0.017670883293947025,0.004209566305995764,0.01476,0.01811,0.01141,0.00806,0.004709999999999999,0.01266,0.6268656716417913,22.69647696476965,106076522.304656,2,2,0.004535898322315318,-0.5394577799410268,8.843805724383527,,,1786752000000.0,2026-08-15T00:00+00:00,-1.6656716417910444,False,EMA sweep/touch closed back on the defended side; second EMA test episode; volume expansion,EMA slope opposes the setup; less than 1.25R to nearby structure; 4H regime conflicts,"{'valid_setup': 45.0, 'close_quality': 6.25, 'rejection_wick': 6.944444444444448, 'range': 0.3158512496145949, 'ema_slope': -0.054430779867783816, 'touch_freshness': 5.0, 'cleanliness': 3.0, 'volume_impulse': 5.0, 'liquidity': 3.0, 'structure_room': -8.0, 'mtf_alignment': -5.0}",False,NEW
USD1USDT,1D,SHORT,EMA_REJECTION,INVALIDATED,1787788800000,2026-08-27T00:00+00:00,3,49.409019893652825,D,0.99984,0.9999258779363128,0.0004516882685803475,0.99953,1.0000900000000001,0.9989699999999999,0.9984099999999998,0.9978499999999997,0.99937,0.285714285714314,0.05602633237622842,252493282.34421,2,5,-0.012366594605864097,-0.4336573471975678,1.7783862362914846,,,1787875200000.0,2026-08-28T00:00+00:00,-0.5535714285711737,False,EMA sweep/touch closed back on the defended side; second EMA test episode; volume expansion; 4H regime aligns,repeated EMA chop; less than 1.25R to nearby structure,"{'valid_setup': 45.0, 'close_quality': 4.232804232804778, 'rejection_wick': 5.185185185186251, 'range': 2.8673645296031562, 'ema_slope': 0.12366594605864097, 'touch_freshness': 5.0, 'cleanliness': -6.0, 'volume_impulse': 5.0, 'liquidity': 3.0, 'structure_room': -8.0, 'mtf_alignment': 5.0}",False,NEW
FILUSDT,4H,SHORT,EMA_REJECTION,INVALIDATED,1787817600000,2026-08-27T08:00+00:00,25,48.98333657986825,D,0.6811,0.7192364597162065,0.02141709060203216,0.7066,0.7241000000000001,0.6890999999999999,0.6715999999999999,0.6540999999999998,0.6976,0.5142857142857127,2.476648740447222,5273190.39518,2,3,-0.040500093451719565,-0.32854414481203265,1.0814733341507863,,,1787846400000.0,2026-08-27T16:00+00:00,1.4571428571428493,False,EMA sweep/touch closed back on the defended side; second EMA test episode; 1D regime aligns,less than 1.25R to nearby structure,"{'valid_setup': 45.0, 'close_quality': 5.202312138728216, 'rejection_wick': 7.0, 'range': 1.3760235066228388, 'ema_slope': 0.40500093451719565, 'touch_freshness': 5.0, 'structure_room': -8.0, 'mtf_alignment': 5.0}",False,NEW
EURIUSDT,4H,SHORT,EMA_REJECTION,INVALIDATED,1787961600000,2026-08-29T00:00+00:00,15,47.57063772159512,D,1.1614,1.1587065548194528,0.0021296672868333245,1.1577,1.1591,1.1562999999999999,1.1548999999999998,1.1534999999999997,1.157,0.4999999999999207,0.12092942904034447,6293440.40769,1,1,0.17300081262888578,-0.331767700908587,0.8344355698982114,1787990400000.0,2026-08-29T08:00+00:00,1788148800000.0,2026-08-31T04:00+00:00,-2.642857142857041,False,EMA sweep/touch closed back on the defended side; first EMA test episode,EMA slope opposes the setup; less than 1.25R to nearby structure; 1D regime conflicts,"{'valid_setup': 45.0, 'close_quality': 8.571428571429841, 'rejection_wick': 7.0, 'range': 0.07521890171190192, 'ema_slope': -2.0760097515466294, 'touch_freshness': 8.0, 'cleanliness': 6.0, 'structure_room': -8.0, 'mtf_alignment': -5.0}",False,NEW
SNXXBUSDT,4H,LONG,EMA_ACCEPTANCE,INVALIDATED,1787774400000,2026-08-26T20:00+00:00,28,47.31396644653069,D,13.01,13.959636633970856,0.734883164520723,14.32,12.81,15.83,17.34,18.85,14.96,0.42384105960264945,10.544692737430166,7166179.0927,2,3,-0.11584027582598629,0.17739332226254553,3.1422332811087395,1787817600000.0,2026-08-27T08:00+00:00,1787832000000.0,2026-08-27T12:00+00:00,-0.8675496688741726,False,decisive body displacement through the EMA; second EMA test episode; volume expansion,EMA slope opposes the setup; less than 1.25R to nearby structure,"{'valid_setup': 45.0, 'body_displacement': 8.0, 'body_quality': 4.595341492301621, 'ema_displacement': 1.1087082641409094, 'ema_slope': -1.3900833099118355, 'touch_freshness': 5.0, 'volume_impulse': 5.0, 'structure_room': -8.0}",False,NEW
SKHYBUSDT,4H,LONG,EMA_REJECTION,INVALIDATED,1787774400000,2026-08-26T20:00+00:00,28,47.01809936821128,D,162.43,156.64410883838016,3.692785231938014,165.91,156.26,175.56,185.21,194.86,168.61,0.27979274611399124,5.816406485443919,8727115.23959,4,1,0.09141328740008921,2.492939768606169,1.3708191412899198,1787788800000.0,2026-08-27T00:00+00:00,1788134400000.0,2026-08-31T00:00+00:00,-0.36062176165802984,False,EMA sweep/touch closed back on the defended side,EMA is heavily tested; less than 1.25R to nearby structure,"{'valid_setup': 45.0, 'close_quality': 10.0, 'rejection_wick': 2.1039664942103924, 'range': 5.0, 'ema_slope': 0.914132874000892, 'touch_freshness': -5.0, 'cleanliness': 6.0, 'volume_impulse': 3.0, 'structure_room': -8.0}",False,NEW
SNXXBUSDT,4H,LONG,EMA_REJECTION,INVALIDATED,1787803200000,2026-08-27T04:00+00:00,26,46.955461492895886,D,13.01,13.96133240122472,0.7173737490000113,14.14,13.57,14.71,15.280000000000001,15.850000000000001,14.31,0.2982456140350874,4.031117397454033,7166179.0927,2,3,-0.1052132820969681,0.19329895883223588,0.8362247208215808,1787817600000.0,2026-08-27T08:00+00:00,1787832000000.0,2026-08-27T12:00+00:00,-1.9824561403508776,False,EMA sweep/touch closed back on the defended side; second EMA test episode,EMA slope opposes the setup; less than 1.25R to nearby structure,"{'valid_setup': 45.0, 'close_quality': 10.0, 'rejection_wick': 7.0, 'range': 1.2180208780595005, 'ema_slope': -1.2625593851636172, 'touch_freshness': 5.0, 'structure_room': -8.0}",False,NEW
PROMUSDT,1D,SHORT,EMA_ACCEPTANCE,INVALIDATED,1786752000000,2026-08-15T00:00+00:00,15,46.60020485622324,D,5.577,2.432339794712126,0.43855490632905897,1.923,2.478,1.3679999999999999,0.8129999999999997,0.25799999999999956,1.643,0.5045045045045045,28.861154446177856,18223297.33883,2,2,-0.04996395608446604,-0.5776695028513464,3.5548501638379078,1787011200000.0,2026-08-18T00:00+00:00,1787270400000.0,2026-08-21T00:00+00:00,-6.583783783783781,False,decisive body displacement through the EMA; second EMA test episode; volume expansion,less than 1.25R to nearby structure; 4H regime conflicts,"{'valid_setup': 45.0, 'body_displacement': 3.648345912699653, 'body_quality': 5.8417849898580165, 'ema_displacement': 3.610434392820915, 'ema_slope': 0.4996395608446604, 'touch_freshness': 5.0, 'cleanliness': 3.0, 'volume_impulse': 5.0, 'structure_room': -8.0, 'mtf_alignment': -5.0}",False,
MIRAUSDT,4H,SHORT,EMA_REJECTION,INVALIDATED,1788019200000,2026-08-29T16:00+00:00,11,46.586130626656235,D,0.04516,0.041762112740174044,0.0009290900528183899,0.04122000000000001,0.04202,0.04042000000000001,0.039620000000000016,0.03882000000000002,0.041,0.2750000000000078,1.940805434255204,5195340.941197,2,3,-0.02344542100491065,-0.389749883852031,0.768446075361264,1788033600000.0,2026-08-29T20:00+00:00,1788048000000.0,2026-08-30T00:00+00:00,-4.92500000000002,False,EMA sweep/touch closed back on the defended side; second EMA test episode; 1D regime aligns,less than 1.25R to nearby structure,"{'valid_setup': 45.0, 'close_quality': 8.058608058608154, 'rejection_wick': 1.7948717948718, 'range': 1.4981965631271739, 'ema_slope': 0.2344542100491065, 'touch_freshness': 5.0, 'structure_room': -8.0, 'mtf_alignment': 5.0}",False,NEW
0GUSDT,4H,SHORT,EMA_REJECTION,INVALIDATED,1787846400000,2026-08-27T16:00+00:00,23,46.43770155615266,D,0.2317,0.1614988590962908,0.004865857026777615,0.16,0.1642,0.1558,0.15159999999999998,0.14739999999999998,0.156,0.9523809523809511,2.6250000000000058,20833495.67453,6,2,-0.04511668898201256,-0.18472780670378114,1.3010951542748812,1787875200000.0,2026-08-28T00:00+00:00,1787947200000.0,2026-08-28T20:00+00:00,-17.07142857142853,False,EMA sweep/touch closed back on the defended side; 1D regime aligns,EMA is heavily tested; less than 1.25R to nearby structure,"{'valid_setup': 45.0, 'close_quality': 10.0, 'rejection_wick': 1.5555555555554907, 'range': 1.4309791107770409, 'ema_slope': 0.45116688982012554, 'touch_freshness': -5.0, 'cleanliness': 3.0, 'volume_impulse': 3.0, 'liquidity': 2.0, 'structure_room': -8.0, 'mtf_alignment': 5.0}",False,NEW
ZENUSDT,1D,SHORT,EMA_REJECTION,INVALIDATED,1787875200000,2026-08-28T00:00+00:00,2,46.282962288892556,D,5.813,5.447610933277893,0.3979915423856834,4.814,5.489,4.139,3.4640000000000004,2.7890000000000006,4.21,0.8948148148148152,14.02160365600332,8630173.5996,2,2,-0.08971292545812694,-1.225179134096679,1.1315761730731857,,,1788048000000.0,2026-08-30T00:00+00:00,-1.48,False,EMA sweep/touch closed back on the defended side; second EMA test episode,less than 1.25R to nearby structure; 4H regime conflicts,"{'valid_setup': 45.0, 'close_quality': 7.155151217113368, 'rejection_wick': 3.3467202141900962, 'range': 3.883961603007821, 'ema_slope': 0.8971292545812694, 'touch_freshness': 5.0, 'cleanliness': 3.0, 'volume_impulse': 3.0, 'structure_room': -8.0, 'mtf_alignment': -5.0}",False,NEW
MIRAUSDT,4H,SHORT,FAILED_ACCEPTANCE,INVALIDATED,1788019200000,2026-08-29T16:00+00:00,11,46.10752269890136,D,0.04516,0.041762112740174044,0.0009290900528183899,0.04122000000000001,0.04232,0.04012000000000001,0.03902000000000001,0.037920000000000016,0.04043,0.7181818181818257,2.6686074721009136,5195340.941197,2,3,-0.02344542100491065,-0.389749883852031,0.768446075361264,1788033600000.0,2026-08-29T20:00+00:00,1788062400000.0,2026-08-30T04:00+00:00,-3.581818181818185,False,decisive body displacement through the EMA; second EMA test episode; 1D regime aligns,less than 1.25R to nearby structure,"{'valid_setup': 45.0, 'body_displacement': 3.7312493618358618, 'body_quality': 4.705882352941198, 'ema_displacement': 2.435936774075194, 'ema_slope': 0.2344542100491065, 'touch_freshness': 5.0, 'structure_room': -8.0, 'mtf_alignment': 5.0}",False,NEW
ONDOUSDT,4H,SHORT,EMA_REJECTION,INVALIDATED,1788091200000,2026-08-30T12:00+00:00,6,46.096607085920255,D,0.3484,0.35895381818270694,0.008129572373471242,0.3553,0.3632,0.3474,0.33949999999999997,0.33159999999999995,0.3501,0.6582278481012621,2.2234731213059438,8897155.73471,5,1,-0.0772582128794321,-0.0435223608884473,1.220256421969175,,,1788105600000.0,2026-08-30T16:00+00:00,0.8734177215189876,False,EMA sweep/touch closed back on the defended side; 1D regime aligns,EMA is heavily tested; less than 1.25R to nearby structure,"{'valid_setup': 45.0, 'close_quality': 2.411873840445316, 'rejection_wick': 7.0, 'range': 1.912151116680619, 'ema_slope': 0.772582128794321, 'touch_freshness': -5.0, 'cleanliness': 6.0, 'volume_impulse': 3.0, 'structure_room': -8.0, 'mtf_alignment': 5.0}",True,NEW
PROMUSDT,1D,SHORT,EMA_REJECTION,INVALIDATED,1786752000000,2026-08-15T00:00+00:00,15,45.97502364325916,D,5.577,2.432339794712126,0.43855490632905897,2.1590000000000003,2.478,1.8400000000000003,1.5210000000000004,1.2020000000000004,1.805,1.1097178683385591,14.775358962482626,18223297.33883,2,2,-0.04996395608446604,-0.5776695028513464,3.5548501638379078,1786838400000.0,2026-08-16T00:00+00:00,1787270400000.0,2026-08-21T00:00+00:00,-10.71473354231975,False,EMA sweep/touch closed back on the defended side; second EMA test episode; volume expansion,less than 1.25R to nearby structure; 4H regime conflicts,"{'valid_setup': 45.0, 'close_quality': 10.0, 'rejection_wick': 1.6628352490421527, 'range': 0.8125488333723523, 'ema_slope': 0.4996395608446604, 'touch_freshness': 5.0, 'cleanliness': 3.0, 'volume_impulse': 5.0, 'structure_room': -8.0, 'mtf_alignment': -5.0}",False,
LAUSDT,4H,LONG,EMA_REJECTION,INVALIDATED,1787904000000,2026-08-28T08:00+00:00,19,44.91827731927676,D,0.0615,0.05499044282223021,0.0018012277940776475,0.0562,0.054700000000000006,0.057699999999999994,0.05919999999999999,0.06069999999999998,0.0581,1.2666666666666706,2.669039145907463,5392666.58956,7,1,0.07907725421283868,0.5049651025596938,0.810063065502387,,,1787918400000.0,2026-08-28T12:00+00:00,3.533333333333346,False,EMA sweep/touch closed back on the defended side,EMA is heavily tested; 1D regime conflicts,"{'valid_setup': 45.0, 'close_quality': 7.9365079365079625, 'rejection_wick': 7.0, 'range': 0.19099684064040998, 'ema_slope': 0.7907725421283868, 'touch_freshness': -5.0, 'cleanliness': 6.0, 'mtf_alignment': -5.0}",False,NEW
MIRAUSDT,4H,LONG,EMA_REJECTION,INVALIDATED,1787774400000,2026-08-26T20:00+00:00,28,44.59581419600067,D,0.04516,0.04169149522347197,0.0011927676921215972,0.04301000000000001,0.04156000000000001,0.044460000000000006,0.045910000000000006,0.047360000000000006,0.04643,2.3586206896551674,3.371308997907463,5195340.941197,4,2,0.02308978973733109,1.071880790343952,0.9540466400928054,1787788800000.0,2026-08-27T00:00+00:00,1787932800000.0,2026-08-28T16:00+00:00,1.48275862068965,False,EMA sweep/touch closed back on the defended side,EMA is heavily tested; 1D regime conflicts,"{'valid_setup': 45.0, 'close_quality': 10.0, 'rejection_wick': 2.8070175438597014, 'range': 2.5578987547676517, 'ema_slope': 0.2308978973733109, 'touch_freshness': -5.0, 'cleanliness': 3.0, 'structure_room': 3.0, 'mtf_alignment': -5.0}",False,NEW
XPLUSDT,4H,SHORT,EMA_REJECTION,INVALIDATED,1787788800000,2026-08-27T00:00+00:00,27,44.57798176466607,D,0.08624,0.08560747444460184,0.00450049228526954,0.08508,0.08773,0.08243,0.07978,0.07713,0.08331,0.6679245283018898,3.114715561824165,11651047.768199,1,3,0.07823886420379644,-0.05721028462699132,0.3878441062993478,1787803200000.0,2026-08-27T04:00+00:00,1787817600000.0,2026-08-27T08:00+00:00,-0.43773584905660173,False,EMA sweep/touch closed back on the defended side; first EMA test episode; 1D regime aligns,EMA slope opposes the setup; weak signal-candle volume; less than 1.25R to nearby structure,"{'valid_setup': 45.0, 'close_quality': 10.0, 'rejection_wick': 0.0, 'range': 0.5168481351116264, 'ema_slope': -0.9388663704455573, 'touch_freshness': 8.0, 'volume_impulse': -3.0, 'structure_room': -8.0, 'mtf_alignment': 5.0}",False,NEW
0GUSDT,4H,SHORT,EMA_ACCEPTANCE,INVALIDATED,1787846400000,2026-08-27T16:00+00:00,23,44.32358585582342,D,0.2317,0.1614988590962908,0.004865857026777615,0.1578,0.1642,0.15139999999999998,0.14499999999999996,0.13859999999999995,0.156,0.28124999999999867,4.05576679340939,20833495.67453,6,2,-0.04511668898201256,-0.18472780670378114,1.3010951542748812,1787904000000.0,2026-08-28T08:00+00:00,1787947200000.0,2026-08-28T20:00+00:00,-11.546874999999968,False,decisive body displacement through the EMA; 1D regime aligns,EMA is heavily tested; less than 1.25R to nearby structure,"{'valid_setup': 45.0, 'body_displacement': 4.247281938810516, 'body_quality': 5.470588235294147, 'ema_displacement': 1.1545487918986321, 'ema_slope': 0.45116688982012554, 'touch_freshness': -5.0, 'cleanliness': 3.0, 'volume_impulse': 3.0, 'liquidity': 2.0, 'structure_room': -8.0, 'mtf_alignment': 5.0}",False,NEW
DOTUSDT,4H,LONG,EMA_REJECTION,INVALIDATED,1788004800000,2026-08-29T12:00+00:00,12,43.98950128001304,D,0.839,0.8337402656370172,0.01958123365594054,0.849,0.8290000000000001,0.8689999999999999,0.8889999999999998,0.9089999999999997,0.863,0.7000000000000038,2.3557126030624156,5200772.20152,3,0,0.10101000452098609,0.37074959068170454,1.4567237642022306,1788033600000.0,2026-08-29T20:00+00:00,1788120000000.0,2026-08-30T20:00+00:00,-0.5000000000000028,False,EMA sweep/touch closed back on the defended side,less than 1.25R to nearby structure; 1D regime conflicts,"{'valid_setup': 45.0, 'close_quality': 3.174603174603176, 'rejection_wick': 7.0, 'range': 1.8047980602000036, 'ema_slope': 1.0101000452098607, 'touch_freshness': 2.0, 'cleanliness': 6.0, 'volume_impulse': 3.0, 'structure_room': -8.0, 'mtf_alignment': -5.0}",False,NEW
USD1USDT,4H,SHORT,EMA_REJECTION,INVALIDATED,1788033600000,2026-08-29T20:00+00:00,10,43.72097909921805,D,0.99984,0.9999284694279571,0.00022824330210030383,0.99975,0.9999700000000001,0.9995299999999999,0.9993099999999998,0.9990899999999997,0.99966,0.4090909090908632,0.022005501375354737,252493282.34421,6,0,-0.057358907224354855,-0.4314230781406708,0.37322205200082054,1788048000000.0,2026-08-30T00:00+00:00,1788177600000.0,2026-08-31T12:00+00:00,-0.40909090909035856,False,EMA sweep/touch closed back on the defended side; 1D regime aligns,EMA is heavily tested; weak signal-candle volume; less than 1.25R to nearby structure,"{'valid_setup': 45.0, 'close_quality': 4.285714285711115, 'rejection_wick': 6.222222222220495, 'range': 1.6394535190428896, 'ema_slope': 0.5735890722435485, 'touch_freshness': -5.0, 'cleanliness': 6.0, 'volume_impulse': -3.0, 'liquidity': 3.0, 'structure_room': -8.0, 'mtf_alignment': 5.0}",False,NEW
FETUSDT,4H,LONG,EMA_REJECTION,INVALIDATED,1788048000000,2026-08-30T00:00+00:00,9,43.28535460018,D,0.152,0.14924030198567675,0.0050067104434603415,0.15130000000000002,0.1474,0.15520000000000003,0.15910000000000005,0.16300000000000006,0.1526,0.333333333333331,2.5776602775941932,9287621.64201,2,2,0.01737846560610149,0.29154831916231,0.5893688712972741,1788062400000.0,2026-08-30T04:00+00:00,1788120000000.0,2026-08-30T20:00+00:00,0.17948717948717327,False,EMA sweep/touch closed back on the defended side; second EMA test episode,weak signal-candle volume; less than 1.25R to nearby structure; 1D regime conflicts,"{'valid_setup': 45.0, 'close_quality': 10.0, 'rejection_wick': 7.0, 'range': 1.1115699441189817, 'ema_slope': 0.1737846560610149, 'touch_freshness': 5.0, 'cleanliness': 3.0, 'volume_impulse': -3.0, 'structure_room': -8.0, 'mtf_alignment': -5.0}",False,NEW
MUBUSDT,4H,LONG,EMA_REJECTION,INVALIDATED,1787774400000,2026-08-26T20:00+00:00,28,43.26779978158985,D,943.33,930.1917402078628,17.89656905934447,978.0600000000001,928.39,1027.73,1077.4,1127.0700000000002,1035.95,1.1654922488423576,5.078420546796727,8979339.03315,3,5,0.03607564033987386,2.459592095343751,10.045425339582122,1787817600000.0,2026-08-27T08:00+00:00,1787832000000.0,2026-08-27T12:00+00:00,-0.6992148177974626,False,EMA sweep/touch closed back on the defended side; volume expansion,repeated EMA chop; less than 1.25R to nearby structure,"{'valid_setup': 45.0, 'close_quality': 10.0, 'rejection_wick': 1.9070433781911142, 'range': 5.0, 'ema_slope': 0.36075640339873855, 'touch_freshness': 2.0, 'cleanliness': -6.0, 'volume_impulse': 5.0, 'structure_room': -8.0}",False,NEW
USD1USDT,1D,LONG,EMA_REJECTION,INVALIDATED,1787011200000,2026-08-18T00:00+00:00,12,43.10447245178314,D,0.99984,0.9999322452369239,0.0003668291203785793,1.00004,0.9997600000000001,1.0003199999999999,1.0006,1.00088,1.00013,0.321428571428359,0.027998880044792902,252493282.34421,3,2,0.05194331638114935,0.2119645326845859,1.0276570272323005,,,1787097600000.0,2026-08-19T00:00+00:00,-0.7142857142861674,False,EMA sweep/touch closed back on the defended side,less than 1.25R to nearby structure; 4H regime conflicts,"{'valid_setup': 45.0, 'close_quality': 10.0, 'rejection_wick': 3.589743589741546, 'range': 0.9952956982301011, 'ema_slope': 0.5194331638114935, 'touch_freshness': 2.0, 'cleanliness': 3.0, 'liquidity': 3.0, 'structure_room': -8.0, 'mtf_alignment': -5.0}",False,
SNDKBUSDT,4H,SHORT,EMA_REJECTION,INVALIDATED,1788105600000,2026-08-30T16:00+00:00,5,42.516817954928804,D,1492.4,1501.9751565914148,20.48300177516637,1492.05,1504.04,1480.06,1468.07,1456.08,1480.14,0.993327773144274,0.8035923729097557,33373542.382307,4,0,-0.04900322923695138,-0.42060029511201563,0.5954920514875858,1788120000000.0,2026-08-30T20:00+00:00,1788163200000.0,2026-08-31T08:00+00:00,-0.029190992493756143,False,EMA sweep/touch closed back on the defended side,EMA is heavily tested; weak signal-candle volume; less than 1.25R to nearby structure,"{'valid_setup': 45.0, 'close_quality': 10.0, 'rejection_wick': 7.0, 'range': 0.02678566255929258, 'ema_slope': 0.49003229236951373, 'touch_freshness': -5.0, 'cleanliness': 6.0, 'volume_impulse': -3.0, 'liquidity': 2.0, 'structure_room': -8.0}",True,NEW
ENSOUSDT,4H,SHORT,EMA_REJECTION,INVALIDATED,1787832000000,2026-08-27T12:00+00:00,24,41.30002437559089,D,0.894,0.8403146061756919,0.025318609617643786,0.8220000000000001,0.844,0.8000000000000002,0.7780000000000002,0.7560000000000003,0.81,0.5454545454545482,2.676399026763979,17039126.51863,4,2,-0.05614561303560601,-0.5258822019362928,0.8594437581050964,1787846400000.0,2026-08-27T16:00+00:00,1787904000000.0,2026-08-28T08:00+00:00,-3.272727272727284,False,EMA sweep/touch closed back on the defended side; 1D regime aligns,EMA is heavily tested; less than 1.25R to nearby structure,"{'valid_setup': 45.0, 'close_quality': 5.494505494505494, 'rejection_wick': 7.0, 'range': 0.24406275072933192, 'ema_slope': 0.56145613035606, 'touch_freshness': -5.0, 'cleanliness': 3.0, 'structure_room': -8.0, 'mtf_alignment': 5.0}",False,NEW
XPLUSDT,4H,LONG,EMA_REJECTION,INVALIDATED,1787846400000,2026-08-27T16:00+00:00,23,41.19590759212615,D,0.08624,0.08569707823652813,0.0043137255351828226,0.09043000000000001,0.08525,0.09561000000000001,0.10079000000000002,0.10597000000000002,0.10047,1.9382239382239355,5.7281875483799665,11651047.768199,2,4,0.0402191588774588,0.7703136734987115,1.2638164843092727,1787860800000.0,2026-08-27T20:00+00:00,1787889600000.0,2026-08-28T04:00+00:00,-0.8088803088803108,False,EMA sweep/touch closed back on the defended side; second EMA test episode,repeated EMA chop; 1D regime conflicts,"{'valid_setup': 45.0, 'close_quality': 4.335465529495382, 'rejection_wick': 4.604754007739075, 'range': 1.853496466117106, 'ema_slope': 0.40219158877458794, 'touch_freshness': 5.0, 'cleanliness': -6.0, 'volume_impulse': 3.0, 'mtf_alignment': -5.0}",False,NEW
USD1USDT,1D,LONG,EMA_REJECTION,INVALIDATED,1786665600000,2026-08-14T00:00+00:00,16,40.71375619342777,D,0.99984,0.9999301044476091,0.0004029805499969732,1.00015,0.99977,1.0005300000000001,1.0009100000000002,1.0012900000000002,1.00025,0.2631578947367806,0.03799430085487646,252493282.34421,3,2,0.08339862357457725,0.1734464663156132,0.9492837038527562,1786838400000.0,2026-08-16T00:00+00:00,1786924800000.0,2026-08-17T00:00+00:00,-0.8157894736844873,False,EMA sweep/touch closed back on the defended side,less than 1.25R to nearby structure; 4H regime conflicts,"{'valid_setup': 45.0, 'close_quality': 3.1746031746017076, 'rejection_wick': 7.0, 'range': 1.7051667830802917, 'ema_slope': 0.8339862357457725, 'touch_freshness': 2.0, 'cleanliness': 3.0, 'liquidity': 3.0, 'structure_room': -8.0, 'mtf_alignment': -5.0}",False,
ONDOUSDT,1D,LONG,EMA_REJECTION,INVALIDATED,1787702400000,2026-08-26T00:00+00:00,4,39.38623754193553,D,0.3484,0.37180717456480367,0.0274876199109444,0.37560000000000004,0.3551,0.39610000000000006,0.4166000000000001,0.4371000000000001,0.3896,0.68292682926829,5.457933972310974,8897155.73471,2,5,-0.03250828804732542,0.10160302871782427,1.1356816771951987,1787788800000.0,2026-08-27T00:00+00:00,1787875200000.0,2026-08-28T00:00+00:00,-1.3268292682926845,False,EMA sweep/touch closed back on the defended side; second EMA test episode,EMA slope opposes the setup; repeated EMA chop; less than 1.25R to nearby structure; 4H regime conflicts,"{'valid_setup': 45.0, 'close_quality': 10.0, 'rejection_wick': 6.66666666666666, 'range': 1.1096703318367738, 'ema_slope': -0.390099456567905, 'touch_freshness': 5.0, 'cleanliness': -6.0, 'volume_impulse': 3.0, 'structure_room': -8.0, 'mtf_alignment': -5.0}",False,NEW
EURIUSDT,1D,LONG,EMA_REJECTION,INVALIDATED,1786838400000,2026-08-16T00:00+00:00,14,38.97572034672553,D,1.1614,1.1568597670293437,0.004115152851424785,1.1586,1.1563,1.1609,1.1632,1.1655,1.1592,0.2608695652173661,0.19851544968064633,6293440.40769,4,1,-0.028680430425448933,0.3499828615497914,1.0660686381658255,1786924800000.0,2026-08-17T00:00+00:00,1788048000000.0,2026-08-30T00:00+00:00,1.217391304347805,False,EMA sweep/touch closed back on the defended side,EMA slope opposes the setup; EMA is heavily tested; less than 1.25R to nearby structure,"{'valid_setup': 45.0, 'close_quality': 10.0, 'rejection_wick': 3.2748538011692077, 'range': 0.04503171066171075, 'ema_slope': -0.3441651651053872, 'touch_freshness': -5.0, 'cleanliness': 6.0, 'structure_room': -8.0}",False,TRIGGERED→INVALIDATED
SUIUSDT,4H,LONG,EMA_REJECTION,INVALIDATED,1788004800000,2026-08-29T12:00+00:00,12,38.21107735077718,D,0.7302,0.7325092293716567,0.02176031065433669,0.7491,0.7302000000000001,0.7679999999999999,0.7868999999999998,0.8057999999999997,0.7686,1.0317460317460343,2.523027633159781,61336770.12212,2,0,0.06768269132886562,0.5602296227289265,0.6251192019855619,1788019200000.0,2026-08-29T16:00+00:00,1788120000000.0,2026-08-30T20:00+00:00,-1.0000000000000058,False,EMA sweep/touch closed back on the defended side; second EMA test episode,weak signal-candle volume; less than 1.25R to nearby structure; 1D regime conflicts,"{'valid_setup': 45.0, 'close_quality': 6.095238095238161, 'rejection_wick': 0.518518518518576, 'range': 0.9204938237317872, 'ema_slope': 0.6768269132886562, 'touch_freshness': 5.0, 'cleanliness': 6.0, 'volume_impulse': -3.0, 'liquidity': 2.0, 'structure_room': -8.0, 'mtf_alignment': -5.0}",False,NEW
USD1USDT,1D,LONG,FAILED_ACCEPTANCE,INVALIDATED,1787011200000,2026-08-18T00:00+00:00,12,38.00236723594907,D,0.99984,0.9999322452369239,0.0003668291203785793,1.00004,0.99975,1.00033,1.00062,1.0009100000000002,1.00013,0.3103448275859297,0.028998840046399393,252493282.34421,3,2,0.05194331638114935,0.2119645326845859,1.0276570272323005,,,1787097600000.0,2026-08-19T00:00+00:00,-0.6896551724140704,False,decisive body displacement through the EMA,less than 1.25R to nearby structure; 4H regime conflicts,"{'valid_setup': 45.0, 'body_displacement': 3.271277914801371, 'body_quality': 4.8868778280575444, 'ema_displacement': 1.324778329278662, 'ema_slope': 0.5194331638114935, 'touch_freshness': 2.0, 'cleanliness': 3.0, 'liquidity': 3.0, 'structure_room': -8.0, 'mtf_alignment': -5.0}",False,NEW
FILUSDT,4H,LONG,EMA_ACCEPTANCE,INVALIDATED,1787832000000,2026-08-27T12:00+00:00,24,37.955615801914036,D,0.6811,0.7192619675797268,0.02094444127331557,0.7292000000000001,0.7082,0.7502000000000001,0.7712000000000001,0.7922000000000001,0.7717,2.023809523809521,2.8798683488754824,5273190.39518,2,4,-0.0363462044812663,0.12117928509779696,0.9182561360781577,,,1787860800000.0,2026-08-27T20:00+00:00,-2.29047619047619,False,decisive body displacement through the EMA; second EMA test episode,EMA slope opposes the setup; repeated EMA chop; 1D regime conflicts,"{'valid_setup': 45.0, 'body_displacement': 3.05570338042578, 'body_quality': 4.578696343402221, 'ema_displacement': 0.757370531861231, 'ema_slope': -0.43615445377519557, 'touch_freshness': 5.0, 'cleanliness': -6.0, 'structure_room': 3.0, 'mtf_alignment': -5.0}",False,NEW
0GUSDT,4H,SHORT,EMA_REJECTION,INVALIDATED,1787918400000,2026-08-28T12:00+00:00,18,37.46924841265723,D,0.2317,0.16142288989338294,0.004542169841887569,0.1563,0.162,0.15059999999999998,0.14489999999999997,0.13919999999999996,0.1535,0.4912280701754371,3.6468330134357076,20833495.67453,6,4,-0.021772363600518662,-0.8416439777589395,0.958072443768323,1787932800000.0,2026-08-28T16:00+00:00,1787947200000.0,2026-08-28T20:00+00:00,-13.228070175438571,False,EMA sweep/touch closed back on the defended side; 1D regime aligns,EMA is heavily tested; repeated EMA chop; less than 1.25R to nearby structure,"{'valid_setup': 45.0, 'close_quality': 7.936507936508036, 'rejection_wick': 5.473251028806633, 'range': 2.8417658113373734, 'ema_slope': 0.2177236360051866, 'touch_freshness': -5.0, 'cleanliness': -6.0, 'liquidity': 2.0, 'structure_room': -8.0, 'mtf_alignment': 5.0}",False,NEW
WLFIUSDT,4H,LONG,EMA_REJECTION,INVALIDATED,1787774400000,2026-08-26T20:00+00:00,28,37.25172752065293,D,0.0581,0.057375419650860036,0.0017864161034357117,0.0592,0.057,0.0614,0.0636,0.0658,0.0598,0.272727272727271,3.716216216216217,5807107.86891,3,2,0.057729873556244114,0.9094075820384165,0.29443927655907953,1787832000000.0,2026-08-27T12:00+00:00,1787932800000.0,2026-08-28T16:00+00:00,-0.5000000000000016,False,EMA sweep/touch closed back on the defended side,weak signal-candle volume; less than 1.25R to nearby structure; 1D regime conflicts,"{'valid_setup': 45.0, 'close_quality': 10.0, 'rejection_wick': 2.745098039215701, 'range': 1.9293307458747833, 'ema_slope': 0.5772987355624412, 'touch_freshness': 2.0, 'cleanliness': 3.0, 'volume_impulse': -3.0, 'structure_room': -8.0, 'mtf_alignment': -5.0}",False,NEW
WLFIUSDT,4H,LONG,EMA_REJECTION,INVALIDATED,1787932800000,2026-08-28T16:00+00:00,17,36.14661832125908,D,0.0581,0.05751146906597509,0.0017634095340415502,0.0579,0.0565,0.0593,0.0607,0.062099999999999995,0.0595,1.1428571428571421,2.4179620034542286,5807107.86891,4,2,0.07362707457710861,0.0502044093081462,0.7192400688227323,1787947200000.0,2026-08-28T20:00+00:00,1788120000000.0,2026-08-30T20:00+00:00,0.14285714285714216,False,EMA sweep/touch closed back on the defended side,EMA is heavily tested; less than 1.25R to nearby structure; 1D regime conflicts,"{'valid_setup': 45.0, 'close_quality': 9.52380952380955, 'rejection_wick': 7.0, 'range': 0.8865380516784462, 'ema_slope': 0.7362707457710861, 'touch_freshness': -5.0, 'cleanliness': 3.0, 'structure_room': -8.0, 'mtf_alignment': -5.0}",False,NEW
ONDOUSDT,4H,LONG,EMA_REJECTION,INVALIDATED,1787774400000,2026-08-26T20:00+00:00,28,36.02015675340361,D,0.3484,0.3584535636265492,0.013326752336848297,0.37560000000000004,0.35700000000000004,0.39420000000000005,0.41280000000000006,0.43140000000000006,0.3887,0.704301075268814,4.952076677316295,8897155.73471,4,0,0.07615243138661972,1.2115807336500226,0.6415665905344669,1787788800000.0,2026-08-27T00:00+00:00,1787932800000.0,2026-08-28T16:00+00:00,-1.4623655913978522,False,EMA sweep/touch closed back on the defended side,EMA is heavily tested; weak signal-candle volume; less than 1.25R to nearby structure; 1D regime conflicts,"{'valid_setup': 45.0, 'close_quality': 10.0, 'rejection_wick': 4.48717948717949, 'range': 2.7714529523579214, 'ema_slope': 0.7615243138661971, 'touch_freshness': -5.0, 'cleanliness': 6.0, 'volume_impulse': -3.0, 'structure_room': -8.0, 'mtf_alignment': -5.0}",False,NEW
UUSDT,1D,LONG,EMA_REJECTION,INVALIDATED,1786838400000,2026-08-16T00:00+00:00,14,35.64670243507898,D,0.9997,1.0003838956131752,0.00038742200301371054,1.0006000000000002,1.0001,1.0011000000000003,1.0016000000000005,1.0021000000000007,1.0008,0.3999999999993783,0.04997001798922316,28190291.1305,4,2,-0.030225005250694405,0.04156807486276343,1.1931354564249228,,,1787011200000.0,2026-08-18T00:00+00:00,-1.7999999999996448,False,EMA sweep/touch closed back on the defended side,EMA slope opposes the setup; EMA is heavily tested; less than 1.25R to nearby structure; 4H regime conflicts,"{'valid_setup': 45.0, 'close_quality': 4.761904761904761, 'rejection_wick': 7.0, 'range': 1.2474977361825483, 'ema_slope': -0.36270006300833285, 'touch_freshness': -5.0, 'cleanliness': 3.0, 'volume_impulse': 3.0, 'liquidity': 2.0, 'structure_room': -8.0, 'mtf_alignment': -5.0}",False,NEW
XPLUSDT,4H,SHORT,EMA_ACCEPTANCE,INVALIDATED,1787918400000,2026-08-28T12:00+00:00,18,35.354086269160966,D,0.08624,0.08575014883606266,0.004204541513830985,0.08163000000000001,0.08769,0.07557000000000001,0.06951000000000002,0.06345000000000002,0.0754,1.028052805280531,7.423741271591321,11651047.768199,3,7,0.03331795111064765,-0.3734411542608387,1.015085278917882,,,1788019200000.0,2026-08-29T16:00+00:00,-0.7607260726072594,False,decisive body displacement through the EMA; 1D regime aligns,EMA slope opposes the setup; repeated EMA chop; less than 1.25R to nearby structure,"{'valid_setup': 45.0, 'body_displacement': 3.615138523427349, 'body_quality': 3.8047559449311494, 'ema_displacement': 2.3340072141302417, 'ema_slope': -0.3998154133277718, 'touch_freshness': 2.0, 'cleanliness': -6.0, 'structure_room': -8.0, 'mtf_alignment': 5.0}",False,NEW
FILUSDT,4H,SHORT,EMA_REJECTION,INVALIDATED,1787788800000,2026-08-27T00:00+00:00,27,34.84325662409976,D,0.6811,0.7193605163757091,0.022405619869812446,0.7027,0.7218,0.6836,0.6645,0.6454,0.6976,0.2670157068062823,2.7180873772591445,5273190.39518,3,3,-0.02426096806507614,-0.5472071938624637,0.6847237697911334,,,1787817600000.0,2026-08-27T08:00+00:00,1.1308900523560181,False,EMA sweep/touch closed back on the defended side; 1D regime aligns,weak signal-candle volume; less than 1.25R to nearby structure,"{'valid_setup': 45.0, 'close_quality': 5.04833512352314, 'rejection_wick': 0.0, 'range': 0.5523118199258541, 'ema_slope': 0.24260968065076138, 'touch_freshness': 2.0, 'volume_impulse': -3.0, 'structure_room': -8.0, 'mtf_alignment': 5.0}",False,NEW
SNDKBUSDT,4H,SHORT,EMA_REJECTION,INVALIDATED,1788091200000,2026-08-30T12:00+00:00,6,34.447119238609616,D,1492.4,1502.0617410797706,21.338617296333005,1489.26,1504.21,1474.31,1459.36,1444.4099999999999,1480.14,0.6100334448160444,1.003854263191118,33373542.382307,4,0,-0.050958730208005315,-0.42513256382969,0.7379839528661688,1788120000000.0,2026-08-30T20:00+00:00,1788163200000.0,2026-08-31T08:00+00:00,-0.21003344481605957,False,EMA sweep/touch closed back on the defended side,EMA is heavily tested; less than 1.25R to nearby structure,"{'valid_setup': 45.0, 'close_quality': 4.453548301836802, 'rejection_wick': 1.2663171960117594, 'range': 0.21766643868099955, 'ema_slope': 0.5095873020800531, 'touch_freshness': -5.0, 'cleanliness': 6.0, 'liquidity': 2.0, 'structure_room': -8.0}",True,NEW
MUBUSDT,4H,SHORT,EMA_REJECTION,INVALIDATED,1787860800000,2026-08-27T20:00+00:00,22,34.05918041667643,D,943.33,931.1320958777434,21.292515535454704,918.91,934.5,903.3199999999999,887.7299999999999,872.1399999999999,906.73,0.7812700449005725,1.6965752902895856,8979339.03315,4,4,0.07150273187579272,-0.5679035836610552,1.5391987021402782,1787875200000.0,2026-08-28T00:00+00:00,1787918400000.0,2026-08-28T12:00+00:00,-1.5663887107119963,False,EMA sweep/touch closed back on the defended side; volume expansion,EMA slope opposes the setup; EMA is heavily tested; repeated EMA chop; less than 1.25R to nearby structure,"{'valid_setup': 45.0, 'close_quality': 10.0, 'rejection_wick': 4.835509883679457, 'range': 1.081703315506487, 'ema_slope': -0.8580327825095126, 'touch_freshness': -5.0, 'cleanliness': -6.0, 'volume_impulse': 5.0, 'structure_room': -8.0}",False,NEW
LAUSDT,4H,SHORT,EMA_REJECTION,INVALIDATED,1787976000000,2026-08-29T04:00+00:00,14,33.97014970852405,D,0.0615,0.05497619931540366,0.001705715013362126,0.054,0.0555,0.0525,0.051,0.049499999999999995,0.0535,0.3333333333333333,2.7777777777777803,5392666.58956,7,3,0.03558202415707725,-0.45505803098590153,0.6261406090120654,1787990400000.0,2026-08-29T08:00+00:00,1788004800000.0,2026-08-29T12:00+00:00,-4.999999999999996,False,EMA sweep/touch closed back on the defended side; 1D regime aligns,EMA slope opposes the setup; EMA is heavily tested; weak signal-candle volume; less than 1.25R to nearby structure,"{'valid_setup': 45.0, 'close_quality': 10.0, 'rejection_wick': 1.196581196581152, 'range': 1.2005528018278258, 'ema_slope': -0.426984289884927, 'touch_freshness': -5.0, 'volume_impulse': -3.0, 'structure_room': -8.0, 'mtf_alignment': 5.0}",False,NEW
0GUSDT,4H,LONG,EMA_REJECTION,INVALIDATED,1788004800000,2026-08-29T12:00+00:00,12,33.27163955346018,D,0.2317,0.16146148282774445,0.004752040507190818,0.1621,0.1593,0.1649,0.1677,0.17049999999999998,0.1641,0.7142857142857157,1.7273288093769261,20833495.67453,7,7,-0.008495865173674169,0.07123617143904964,1.6610010964461002,,,1788019200000.0,2026-08-29T16:00+00:00,24.857142857142883,False,EMA sweep/touch closed back on the defended side; volume expansion,EMA slope opposes the setup; EMA is heavily tested; repeated EMA chop; less than 1.25R to nearby structure; 1D regime conflicts,"{'valid_setup': 45.0, 'close_quality': 10.0, 'rejection_wick': 7.0, 'range': 0.3735899355442737, 'ema_slope': -0.10195038208409002, 'touch_freshness': -5.0, 'cleanliness': -6.0, 'volume_impulse': 5.0, 'liquidity': 2.0, 'structure_room': -8.0, 'mtf_alignment': -5.0}",False,NEW
ZKCUSDT,4H,LONG,EMA_REJECTION,INVALIDATED,1787774400000,2026-08-26T20:00+00:00,28,32.86824372745084,D,0.0546,0.03982869089768749,0.0010548018506846832,0.041,0.0395,0.0425,0.044000000000000004,0.045500000000000006,0.0419,0.5999999999999982,3.658536585365857,12004028.67983,2,4,0.026904256971387517,0.920845087332781,0.5223015036699259,1787817600000.0,2026-08-27T08:00+00:00,1787904000000.0,2026-08-28T08:00+00:00,9.06666666666666,False,EMA sweep/touch closed back on the defended side; second EMA test episode,repeated EMA chop; weak signal-candle volume; less than 1.25R to nearby structure; 1D regime conflicts,"{'valid_setup': 45.0, 'close_quality': 10.0, 'rejection_wick': 3.589743589743538, 'range': 3.0094575679934277, 'ema_slope': 0.26904256971387513, 'touch_freshness': 5.0, 'cleanliness': -6.0, 'volume_impulse': -3.0, 'structure_room': -8.0, 'mtf_alignment': -5.0}",False,NEW
0GUSDT,4H,LONG,EMA_ACCEPTANCE,INVALIDATED,1787817600000,2026-08-27T08:00+00:00,25,32.44293389056894,D,0.2317,0.16148787167872639,0.005081112291410725,0.1642,0.15910000000000002,0.1693,0.1744,0.1795,0.166,0.3529411764705879,3.105968331303284,20833495.67453,6,2,-0.053962038494565746,0.12047132323927769,1.3759625081202416,,,1787875200000.0,2026-08-28T00:00+00:00,13.23529411764707,False,decisive body displacement through the EMA,EMA slope opposes the setup; EMA is heavily tested; less than 1.25R to nearby structure; 1D regime conflicts,"{'valid_setup': 45.0, 'body_displacement': 3.804941167313882, 'body_quality': 5.532591414944358, 'ema_displacement': 0.7529457702454855, 'ema_slope': -0.647544461934789, 'touch_freshness': -5.0, 'cleanliness': 3.0, 'volume_impulse': 3.0, 'liquidity': 2.0, 'structure_room': -8.0, 'mtf_alignment': -5.0}",False,NEW
DOTUSDT,4H,LONG,EMA_REJECTION,INVALIDATED,1788062400000,2026-08-30T04:00+00:00,8,32.16688571387424,D,0.839,0.8340930076028187,0.017232705498941014,0.847,0.8310000000000001,0.8629999999999999,0.8789999999999998,0.8949999999999997,0.863,1.0000000000000069,1.8890200708382412,5200772.20152,4,0,0.05175627966008259,0.5168655843232882,0.5943269885509279,1788076800000.0,2026-08-30T08:00+00:00,1788120000000.0,2026-08-30T20:00+00:00,-0.5000000000000034,False,EMA sweep/touch closed back on the defended side,EMA is heavily tested; weak signal-candle volume; less than 1.25R to nearby structure; 1D regime conflicts,"{'valid_setup': 45.0, 'close_quality': 7.692307692307693, 'rejection_wick': 4.786324786324786, 'range': 1.1706904386409291, 'ema_slope': 0.5175627966008258, 'touch_freshness': -5.0, 'cleanliness': 6.0, 'volume_impulse': -3.0, 'structure_room': -8.0, 'mtf_alignment': -5.0}",False,NEW
0GUSDT,4H,SHORT,EMA_ACCEPTANCE,INVALIDATED,1787990400000,2026-08-29T08:00+00:00,13,31.958709449029826,D,0.2317,0.16145808064510872,0.004917582084667033,0.1588,0.1638,0.1538,0.1488,0.14379999999999998,0.1554,0.6799999999999967,3.148614609571791,20833495.67453,7,6,-0.008292378343664007,-0.17449238880713624,0.9737355650189392,,,1788076800000.0,2026-08-30T08:00+00:00,-14.579999999999986,False,decisive body displacement through the EMA; 1D regime aligns,EMA is heavily tested; repeated EMA chop; less than 1.25R to nearby structure,"{'valid_setup': 45.0, 'body_displacement': 3.7959034227144084, 'body_quality': 5.989304812834172, 'ema_displacement': 1.0905774300446016, 'ema_slope': 0.08292378343664006, 'touch_freshness': -5.0, 'cleanliness': -6.0, 'liquidity': 2.0, 'structure_room': -8.0, 'mtf_alignment': 5.0}",False,NEW
BMTUSDT,1D,SHORT,EMA_REJECTION,INVALIDATED,1787184000000,2026-08-20T00:00+00:00,10,31.434552326953295,D,0.02034,0.017578417587794794,0.0036576983537733414,0.01591,0.01796,0.01386,0.011810000000000001,0.009760000000000001,0.01449,0.6926829268292689,12.88497800125707,106076522.304656,4,2,-0.02268454493249535,-0.2784312672323512,0.9784454807530388,,,1787270400000.0,2026-08-21T00:00+00:00,-2.1609756097560977,False,EMA sweep/touch closed back on the defended side,EMA is heavily tested; less than 1.25R to nearby structure; 4H regime conflicts,"{'valid_setup': 45.0, 'close_quality': 3.2034632034632278, 'rejection_wick': 7.0, 'range': 0.00424367416510999, 'ema_slope': 0.22684544932495349, 'touch_freshness': -5.0, 'cleanliness': 3.0, 'liquidity': 3.0, 'structure_room': -8.0, 'mtf_alignment': -5.0}",False,
WLFIUSDT,4H,LONG,EMA_REJECTION,INVALIDATED,1787947200000,2026-08-28T20:00+00:00,16,29.977261056017916,D,0.0581,0.0575143400205425,0.0017160231387528678,0.0582,0.056900000000000006,0.0595,0.06079999999999999,0.06209999999999999,0.0595,1.0,2.2336769759450097,5807107.86891,4,2,0.07490738029944781,0.1664662748458627,0.4337503329175229,1787961600000.0,2026-08-29T00:00+00:00,1788120000000.0,2026-08-30T20:00+00:00,-0.07692307692307938,False,EMA sweep/touch closed back on the defended side,EMA is heavily tested; weak signal-candle volume; less than 1.25R to nearby structure; 1D regime conflicts,"{'valid_setup': 45.0, 'close_quality': 6.493506493506428, 'rejection_wick': 7.0, 'range': 0.7346807595170075, 'ema_slope': 0.749073802994478, 'touch_freshness': -5.0, 'cleanliness': 3.0, 'volume_impulse': -3.0, 'structure_room': -8.0, 'mtf_alignment': -5.0}",False,NEW
BMTUSDT,1D,SHORT,EMA_REJECTION,INVALIDATED,1787356800000,2026-08-22T00:00+00:00,8,27.65886067514606,D,0.02034,0.017565072025302886,0.0036854643968759933,0.01386,0.01941,0.008310000000000001,0.002760000000000002,-0.0027899999999999973,0.0122,0.29909909909909915,40.043290043290035,106076522.304656,4,4,-0.039440045110782466,-0.4789279817216681,1.193957296328378,,,1787616000000.0,2026-08-25T00:00+00:00,-1.1675675675675676,False,EMA sweep/touch closed back on the defended side,EMA is heavily tested; repeated EMA chop; less than 1.25R to nearby structure; 4H regime conflicts,"{'valid_setup': 45.0, 'close_quality': 4.314130715577365, 'rejection_wick': 3.9099859353023882, 'range': 4.040343573158482, 'ema_slope': 0.3944004511078246, 'touch_freshness': -5.0, 'cleanliness': -6.0, 'volume_impulse': 3.0, 'liquidity': 3.0, 'structure_room': -8.0, 'mtf_alignment': -5.0}",False,SCORE 36→28
WLFIUSDT,4H,LONG,EMA_REJECTION,INVALIDATED,1787817600000,2026-08-27T08:00+00:00,25,26.285853276047256,D,0.0581,0.057395888792608825,0.001677207062408257,0.0591,0.057100000000000005,0.061099999999999995,0.06309999999999999,0.06509999999999999,0.0597,0.30000000000000243,3.384094754653121,5807107.86891,4,2,0.06085840906322567,0.5986805266306231,0.9804350209904086,1787832000000.0,2026-08-27T12:00+00:00,1787932800000.0,2026-08-28T16:00+00:00,-0.5000000000000018,False,EMA sweep/touch closed back on the defended side,EMA is heavily tested; less than 1.25R to nearby structure; 1D regime conflicts,"{'valid_setup': 45.0, 'close_quality': 2.857142857142885, 'rejection_wick': 3.111111111111068, 'range': 1.7090152171610462, 'ema_slope': 0.6085840906322567, 'touch_freshness': -5.0, 'cleanliness': 3.0, 'structure_room': -8.0, 'mtf_alignment': -5.0}",False,NEW
BMTUSDT,1D,SHORT,FAILED_ACCEPTANCE,INVALIDATED,1787356800000,2026-08-22T00:00+00:00,8,25.206363889775865,D,0.02034,0.017565072025302886,0.0036854643968759933,0.01386,0.01941,0.008310000000000001,0.002760000000000002,-0.0027899999999999973,0.0122,0.29909909909909915,40.043290043290035,106076522.304656,4,4,-0.039440045110782466,-0.4789279817216681,1.193957296328378,,,1787616000000.0,2026-08-25T00:00+00:00,-1.1675675675675676,False,decisive body displacement through the EMA,EMA is heavily tested; repeated EMA chop; less than 1.25R to nearby structure; 4H regime conflicts,"{'valid_setup': 45.0, 'body_displacement': 3.997687061045044, 'body_quality': 2.820976491862568, 'ema_displacement': 2.9932998857604254, 'ema_slope': 0.3944004511078246, 'touch_freshness': -5.0, 'cleanliness': -6.0, 'volume_impulse': 3.0, 'liquidity': 3.0, 'structure_room': -8.0, 'mtf_alignment': -5.0}",False,NEW
WLFIUSDT,4H,LONG,EMA_REJECTION,INVALIDATED,1788076800000,2026-08-30T08:00+00:00,7,24.87490346360002,D,0.0581,0.0575281693462531,0.001244497587042408,0.0582,0.057,0.0594,0.0606,0.0618,0.0595,1.08333333333333,2.061855670103092,5807107.86891,3,4,0.013419295024668848,0.21842601912383988,0.582665353145359,1788091200000.0,2026-08-30T12:00+00:00,1788120000000.0,2026-08-30T20:00+00:00,-0.08333333333333574,False,EMA sweep/touch closed back on the defended side,repeated EMA chop; weak signal-candle volume; less than 1.25R to nearby structure; 1D regime conflicts,"{'valid_setup': 45.0, 'close_quality': 5.714285714285675, 'rejection_wick': 4.666666666666688, 'range': 1.359758132400969, 'ema_slope': 0.13419295024668848, 'touch_freshness': 2.0, 'cleanliness': -6.0, 'volume_impulse': -3.0, 'structure_room': -8.0, 'mtf_alignment': -5.0}",False,NEW
XPLUSDT,4H,LONG,EMA_ACCEPTANCE,INVALIDATED,1788004800000,2026-08-29T12:00+00:00,12,17.467311102396188,D,0.08624,0.08565748107561307,0.003463321182053319,0.08809,0.08421000000000001,0.09197,0.09584999999999999,0.09972999999999999,0.09141,0.8556701030927856,4.404586218640021,11651047.768199,4,4,-0.024399081297122892,0.2317194629667977,0.43843789023914287,1788076800000.0,2026-08-30T08:00+00:00,1788120000000.0,2026-08-30T20:00+00:00,-0.476804123711342,False,decisive body displacement through the EMA,EMA slope opposes the setup; EMA is heavily tested; repeated EMA chop; weak signal-candle volume; less than 1.25R to nearby structure; 1D regime conflicts,"{'valid_setup': 45.0, 'body_displacement': 4.3118534344191755, 'body_quality': 6.0, 'ema_displacement': 1.4482466435424857, 'ema_slope': -0.2927889755654747, 'touch_freshness': -5.0, 'cleanliness': -6.0, 'volume_impulse': -3.0, 'structure_room': -8.0, 'mtf_alignment': -5.0}",False,NEW
XPLUSDT,4H,LONG,EMA_REJECTION,INVALIDATED,1788076800000,2026-08-30T08:00+00:00,7,17.174677307746038,D,0.08624,0.08572707515893811,0.0030272310117215357,0.08942000000000001,0.08541000000000001,0.09343000000000001,0.09744000000000001,0.10145000000000001,0.09141,0.49625935162094564,4.484455379109818,11651047.768199,5,4,-0.00035747070946051196,0.882960312811359,0.9173673282305435,1788091200000.0,2026-08-30T12:00+00:00,1788120000000.0,2026-08-30T20:00+00:00,-0.7930174563591064,False,EMA sweep/touch closed back on the defended side,EMA slope opposes the setup; EMA is heavily tested; repeated EMA chop; less than 1.25R to nearby structure; 1D regime conflicts,"{'valid_setup': 45.0, 'close_quality': 5.433829973707297, 'rejection_wick': 0.3340149965916867, 'range': 2.411121985960582, 'ema_slope': -0.0042896485135261436, 'touch_freshness': -5.0, 'cleanliness': -6.0, 'structure_room': -8.0, 'mtf_alignment': -5.0}",False,NEW
HEMIUSDT,1D,SHORT,EMA_REJECTION,AMBIGUOUS,1787961600000,2026-08-29T00:00+00:00,1,58.678663772060744,C,0.01737,0.012413535676842249,0.0019240171738019484,0.010570000000000001,0.012690000000000002,0.008450000000000001,0.0063300000000000006,0.00421,0.0068,1.7783018867924534,20.056764427625357,32612885.54575,2,0,-0.16740705408954443,-0.5423733691421129,1.3884564468495575,1788048000000.0,2026-08-30T00:00+00:00,1788048000000.0,2026-08-30T00:00+00:00,-3.2075471698113196,False,EMA sweep/touch closed back on the defended side; EMA slope supports direction; second EMA test episode,4H regime conflicts,"{'valid_setup': 45.0, 'close_quality': 3.5374149659864047, 'rejection_wick': 7.0, 'range': 2.467178265178893, 'ema_slope': 1.6740705408954442, 'touch_freshness': 5.0, 'cleanliness': 6.0, 'volume_impulse': 3.0, 'liquidity': 2.0, 'mtf_alignment': -5.0}",True,NEW
USD1USDT,4H,SHORT,EMA_REJECTION,AMBIGUOUS,1787817600000,2026-08-27T08:00+00:00,25,58.11531220860435,C,0.99984,0.9999506658557694,0.00020643778338218008,0.9997400000000001,1.00008,0.9994000000000001,0.9990600000000001,0.99872,0.99965,0.2647058823530372,0.034008842298998435,252493282.34421,4,2,-0.08841436070405928,-0.8267181180368464,1.7569530429199816,1787832000000.0,2026-08-27T12:00+00:00,1787832000000.0,2026-08-27T12:00+00:00,-0.29411764705845855,False,EMA sweep/touch closed back on the defended side; volume expansion; 1D regime aligns,EMA is heavily tested; less than 1.25R to nearby structure,"{'valid_setup': 45.0, 'close_quality': 10.0, 'rejection_wick': 7.0, 'range': 4.231168601563752, 'ema_slope': 0.8841436070405928, 'touch_freshness': -5.0, 'cleanliness': 3.0, 'volume_impulse': 5.0, 'liquidity': 3.0, 'structure_room': -8.0, 'mtf_alignment': 5.0}",False,NEW
GRAMUSDT,4H,SHORT,EMA_REJECTION,AMBIGUOUS,1787817600000,2026-08-27T08:00+00:00,25,51.83274430187607,D,1.381,1.4260301929544519,0.035751923014338764,1.395,1.444,1.346,1.2970000000000002,1.2480000000000002,1.364,0.6326530612244889,3.512544802867379,15168285.64914,5,1,-0.05073035297111496,-0.7560486450927705,1.7810519893610974,1787832000000.0,2026-08-27T12:00+00:00,1787832000000.0,2026-08-27T12:00+00:00,0.28571428571428636,False,EMA sweep/touch closed back on the defended side; volume expansion,EMA is heavily tested; less than 1.25R to nearby structure,"{'valid_setup': 45.0, 'close_quality': 10.0, 'rejection_wick': 7.0, 'range': 3.325440772164921, 'ema_slope': 0.5073035297111496, 'touch_freshness': -5.0, 'cleanliness': 6.0, 'volume_impulse': 5.0, 'structure_room': -8.0}",False,NEW
USD1USDT,1D,SHORT,FAILED_ACCEPTANCE,AMBIGUOUS,1787097600000,2026-08-19T00:00+00:00,11,51.32822525261209,D,0.99984,0.9999303323489943,0.0003770556117801101,0.9995100000000001,1.00004,0.9989800000000002,0.9984500000000003,0.9979200000000004,0.99937,0.2641509433965307,0.05302598273153039,252493282.34421,3,3,0.02812852805841931,-0.5047858805118276,3.584979549566655,1787184000000.0,2026-08-20T00:00+00:00,1787184000000.0,2026-08-20T00:00+00:00,-0.622641509433737,False,decisive body displacement through the EMA; volume expansion; 4H regime aligns,EMA slope opposes the setup; less than 1.25R to nearby structure,"{'valid_setup': 45.0, 'body_displacement': 4.773831614659557, 'body_quality': 3.7370242214546434, 'ema_displacement': 3.154911753198922, 'ema_slope': -0.33754233670103173, 'touch_freshness': 2.0, 'volume_impulse': 5.0, 'liquidity': 3.0, 'structure_room': -8.0, 'mtf_alignment': 5.0}",False,NEW
PAXGUSDT,1D,LONG,EMA_REJECTION,AMBIGUOUS,1786924800000,2026-08-17T00:00+00:00,13,50.84976913877698,D,4435.64,4360.588690157956,64.40542959209192,4423.09,4354.13,4492.05,4561.01,4629.97,4442.95,0.2879930394431506,1.559091042687353,19058895.842572,1,3,0.025494364906918653,0.9148500400543691,1.092309632741957,1787011200000.0,2026-08-18T00:00+00:00,1787011200000.0,2026-08-18T00:00+00:00,0.18198955916473572,False,EMA sweep/touch closed back on the defended side; first EMA test episode; 4H regime aligns,less than 1.25R to nearby structure,"{'valid_setup': 45.0, 'close_quality': 10.0, 'rejection_wick': 0.8894295755609531, 'range': 1.7053959141468376, 'ema_slope': 0.25494364906918654, 'touch_freshness': 8.0, 'structure_room': -8.0, 'mtf_alignment': 5.0}",False,
SNDKBUSDT,4H,SHORT,EMA_REJECTION,AMBIGUOUS,1788163200000,2026-08-31T08:00+00:00,1,50.016112431865274,D,1492.4,1500.8190243813235,23.739018474087008,1479.14,1508.81,1449.4700000000003,1419.8000000000004,1390.1300000000006,1460.71,0.6211661611054992,2.0058953175493763,33373542.382307,5,0,-0.06746719617249364,-0.5623241919582729,7.809451499686372,1788177600000.0,2026-08-31T12:00+00:00,1788177600000.0,2026-08-31T12:00+00:00,-0.4469160768453003,False,EMA sweep/touch closed back on the defended side; volume expansion,EMA is heavily tested; less than 1.25R to nearby structure,"{'valid_setup': 45.0, 'close_quality': 6.268369067694556, 'rejection_wick': 7.0, 'range': 3.0730714024457817, 'ema_slope': 0.6746719617249364, 'touch_freshness': -5.0, 'cleanliness': 6.0, 'volume_impulse': 5.0, 'liquidity': 2.0, 'structure_room': -8.0}",True,NEW
ONDOUSDT,1D,LONG,EMA_REJECTION,AMBIGUOUS,1787529600000,2026-08-24T00:00+00:00,6,43.60971652137766,D,0.3484,0.37185829296211287,0.02688978403872842,0.38880000000000003,0.36560000000000004,0.41200000000000003,0.43520000000000003,0.45840000000000003,0.3947,0.2543103448275845,5.967078189300411,8897155.73471,2,3,-0.06565049764426416,0.37343948257168696,3.1020901582570284,1787616000000.0,2026-08-25T00:00+00:00,1787616000000.0,2026-08-25T00:00+00:00,-1.7413793103448296,False,EMA sweep/touch closed back on the defended side; second EMA test episode; volume expansion,EMA slope opposes the setup; less than 1.25R to nearby structure; 4H regime conflicts,"{'valid_setup': 45.0, 'close_quality': 5.838509316770208, 'rejection_wick': 7.0, 'range': 1.559013176338623, 'ema_slope': -0.7878059717311698, 'touch_freshness': 5.0, 'volume_impulse': 5.0, 'structure_room': -8.0, 'mtf_alignment': -5.0}",False,
MUBUSDT,4H,SHORT,EMA_REJECTION,AMBIGUOUS,1788163200000,2026-08-31T08:00+00:00,1,41.759547715324985,D,943.33,930.8181843696916,11.304439712893618,926.59,939.26,913.9200000000001,901.2500000000001,888.5800000000002,920.39,0.48934490923441715,1.3673793155548797,8979339.03315,5,3,0.0006098367970965605,-0.09537707282049927,5.295662003501704,1788177600000.0,2026-08-31T12:00+00:00,1788177600000.0,2026-08-31T12:00+00:00,-1.3212312549329175,False,EMA sweep/touch closed back on the defended side; volume expansion,EMA slope opposes the setup; EMA is heavily tested; less than 1.25R to nearby structure,"{'valid_setup': 45.0, 'close_quality': 7.193675889328083, 'rejection_wick': 7.0, 'range': 2.5731898675620615, 'ema_slope': -0.007318041565158726, 'touch_freshness': -5.0, 'volume_impulse': 5.0, 'structure_room': -8.0}",True,NEW
ONDOUSDT,1D,LONG,EMA_REJECTION,AMBIGUOUS,1787788800000,2026-08-27T00:00+00:00,3,34.65266886800479,D,0.3484,0.3718598394945071,0.02680993277444837,0.38430000000000003,0.36610000000000004,0.4025,0.4207,0.4389,0.3896,0.29120879120878973,4.735883424408013,8897155.73471,2,5,-0.017892959571771505,0.19545593603603068,1.9488474432832805,1787875200000.0,2026-08-28T00:00+00:00,1787875200000.0,2026-08-28T00:00+00:00,-1.9725274725274755,False,EMA sweep/touch closed back on the defended side; second EMA test episode; volume expansion,EMA slope opposes the setup; repeated EMA chop; less than 1.25R to nearby structure; 4H regime conflicts,"{'valid_setup': 45.0, 'close_quality': 3.015873015872999, 'rejection_wick': 7.0, 'range': 0.8515113669930491, 'ema_slope': -0.21471551486125806, 'touch_freshness': 5.0, 'cleanliness': -6.0, 'volume_impulse': 5.0, 'structure_room': -8.0, 'mtf_alignment': -5.0}",False,NEW
DASHUSDT,1D,LONG,EMA_ACCEPTANCE,EXPIRED,1787270400000,2026-08-21T00:00+00:00,9,74.37236733361581,B,47.17,36.38091735777772,1.7148563505431793,47.56,32.61,62.510000000000005,77.46000000000001,92.41000000000001,,,31.433978132884782,23227684.10694,1,1,-0.3023027221986819,1.3581794425431304,7.413590872080088,,,,,-0.026086956521739164,False,decisive body displacement through the EMA; first EMA test episode; volume expansion; 4H regime aligns,EMA slope opposes the setup,"{'valid_setup': 45.0, 'body_displacement': 8.0, 'body_quality': 6.0, 'ema_displacement': 5.0, 'ema_slope': -3.6276326663841827, 'touch_freshness': 8.0, 'cleanliness': 6.0, 'volume_impulse': 5.0, 'liquidity': 2.0, 'mtf_alignment': 5.0}",False,CONFIRMED→EXPIRED
PEPEUSDT,1D,LONG,EMA_ACCEPTANCE,EXPIRED,1787270400000,2026-08-21T00:00+00:00,9,74.0275245378501,B,3.6e-06,3.5810355027130094e-06,2.2626021717820896e-07,4.57e-06,3.1600000000000002e-06,5.98e-06,7.39e-06,8.8e-06,,,30.85339168490153,36358194.16646404,1,1,-0.331039621845825,2.3820559531350898,11.829717172267872,,,,,-0.6879432624113478,False,decisive body displacement through the EMA; first EMA test episode; volume expansion; 4H regime aligns,EMA slope opposes the setup,"{'valid_setup': 45.0, 'body_displacement': 8.0, 'body_quality': 6.0, 'ema_displacement': 5.0, 'ema_slope': -3.9724754621499003, 'touch_freshness': 8.0, 'cleanliness': 6.0, 'volume_impulse': 5.0, 'liquidity': 2.0, 'mtf_alignment': 5.0}",False,CONFIRMED→EXPIRED
XRPUSDT,1D,LONG,EMA_ACCEPTANCE,EXPIRED,1787270400000,2026-08-21T00:00+00:00,9,73.66042628260399,B,1.3886,1.3499177020037298,0.061988071733318335,1.7000000000000002,1.2587000000000002,2.1413,2.5826000000000002,3.0239000000000003,,,25.958823529411763,165835431.7586,1,1,-0.44496447644966686,1.68552263483478,11.335449564687478,,,,,-0.705642420122366,False,decisive body displacement through the EMA; first EMA test episode; volume expansion; 4H regime aligns,EMA slope opposes the setup,"{'valid_setup': 45.0, 'body_displacement': 8.0, 'body_quality': 6.0, 'ema_displacement': 5.0, 'ema_slope': -5.339573717396002, 'touch_freshness': 8.0, 'cleanliness': 6.0, 'volume_impulse': 5.0, 'liquidity': 3.0, 'mtf_alignment': 5.0}",False,CONFIRMED→EXPIRED
AAVEUSDT,1D,LONG,EMA_ACCEPTANCE,EXPIRED,1787270400000,2026-08-21T00:00+00:00,9,72.78982551353633,B,123.92,107.45297700539679,5.645709464230359,145.1,98.52,191.68,238.26,284.84000000000003,,,32.10199862164025,15015423.56444,1,1,-0.2675145405386391,2.698867713817145,7.550962161430682,,,,,-0.4547015886646628,False,decisive body displacement through the EMA; first EMA test episode; volume expansion; 4H regime aligns,EMA slope opposes the setup,"{'valid_setup': 45.0, 'body_displacement': 8.0, 'body_quality': 6.0, 'ema_displacement': 5.0, 'ema_slope': -3.210174486463669, 'touch_freshness': 8.0, 'cleanliness': 6.0, 'volume_impulse': 5.0, 'mtf_alignment': 5.0}",False,CONFIRMED→EXPIRED
NEARUSDT,1D,LONG,EMA_ACCEPTANCE,EXPIRED,1787270400000,2026-08-21T00:00+00:00,9,65.70523660354458,C,1.873,1.782755758597459,0.09448312289734644,2.148,1.727,2.569,2.99,3.4110000000000005,2.265,0.27790973871733965,19.599627560521416,32495744.9921,2,1,-0.10789694970461867,1.9606066747370776,4.466496132287686,,,,,-0.6532066508313542,False,decisive body displacement through the EMA; second EMA test episode; volume expansion; 4H regime aligns,EMA slope opposes the setup; less than 1.25R to nearby structure,"{'valid_setup': 45.0, 'body_displacement': 8.0, 'body_quality': 6.0, 'ema_displacement': 5.0, 'ema_slope': -1.2947633964554242, 'touch_freshness': 5.0, 'cleanliness': 6.0, 'volume_impulse': 5.0, 'liquidity': 2.0, 'structure_room': -8.0, 'mtf_alignment': 5.0}",False,CONFIRMED→EXPIRED
MUBUSDT,4H,SHORT,EMA_ACCEPTANCE,EXPIRED,1787832000000,2026-08-27T12:00+00:00,24,36.75543294894813,D,943.33,931.2684347758064,21.145994348811367,906.72,979.64,833.8000000000001,760.8800000000001,687.9600000000002,888.32,0.25233132199670855,8.042173989765303,8979339.03315,4,6,0.08005100424078652,-0.7797427022736955,4.505764721329737,,,,,-0.5020570488206259,False,decisive body displacement through the EMA; volume expansion,EMA slope opposes the setup; EMA is heavily tested; repeated EMA chop; less than 1.25R to nearby structure,"{'valid_setup': 45.0, 'body_displacement': 8.0, 'body_quality': 5.842653110626972, 'ema_displacement': 4.8733918892105965, 'ema_slope': -0.9606120508894382, 'touch_freshness': -5.0, 'cleanliness': -6.0, 'volume_impulse': 5.0, 'structure_room': -8.0}",False,NEW
